{"data":{"tasks":[{"id":"5936d90786f7742b1420ba5b","name":"Debut","trader":{"name":"Prapor"},"objectives":[{"type":"shoot"},{"type":"giveItem","item":{"id":"54491c4f4bdc2db1078b4568"},"count":2}]},{"id":"5967733e86f774602332fc84","name":"Shortage","trader":{"name":"Therapist"},"objectives":[{"type":"findItem","item":{"id":"544fb45d4bdc2dee738b4568"},"count":3},{"type":"giveItem","item":{"id":"544fb45d4bdc2dee738b4568"},"count":3}]},{"id":"5ac23c6186f7741247042bad","name":"Gunsmith - Part 1","trader":{"name":"Mechanic"},"objectives":[{"type":"buildWeapon"}]},{"id":"5936da9e86f7742d65037edf","name":"Background Check","trader":{"name":"Prapor"},"objectives":[{"type":"findQuestItem"},{"type":"giveQuestItem"},{"type":"findItem","item":{"id":"5937ee6486f77408994ba448"},"count":1}]},{"id":"5bc4776586f774512d07cf05","name":"The Tarkov Shooter - Part 1","trader":{"name":"Jaeger"},"objectives":[{"type":"shoot"}]},{"id":"5bc479e586f7747f376c7da3","name":"The Tarkov Shooter - Part 2","trader":{"name":"Jaeger"},"objectives":[{"type":"shoot"},{"type":"shoot"}]},{"id":"5bc47dbf86f7741ee74e93b9","name":"The Tarkov Shooter - Part 3","trader":{"name":"Jaeger"},"objectives":[{"type":"shoot"}]},{"id":"5bc480a686f7741af0342e29","name":"The Tarkov Shooter - Part 4","trader":{"name":"Jaeger"},"objectives":[{"type":"skill"}]},{"id":"5bc4826c86f774106d22d88b","name":"The Tarkov Shooter - Part 5","trader":{"name":"Jaeger"},"objectives":[{"type":"shoot"}]},{"id":"5bc4836986f7740c0152911c","name":"The Tarkov Shooter - Part 6","trader":{"name":"Jaeger"},"objectives":[{"type":"shoot"}]},{"id":"5bc4856986f77454c317bea7","name":"The Tarkov Shooter - Part 7","trader":{"name":"Jaeger"},"objectives":[{"type":"shoot"}]},{"id":"5bc4893c86f774626f5ebf3e","name":"The Tarkov Shooter - Part 8","trader":{"name":"Jaeger"},"objectives":[{"type":"shoot"}]},{"id":"5d2495a886f77425cd51e403","name":"Introduction","trader":{"name":"Mechanic"},"objectives":[{"type":"visit"},{"type":"findQuestItem"},{"type":"giveQuestItem"}]},{"id":"5d24b81486f77439c92d6ba8","name":"Acquaintance","trader":{"name":"Jaeger"},"objectives":[{"type":"giveItem","item":{"id":"590c5d4b86f774784e1b9c45"},"count":3},{"type":"giveItem","item":{"id":"5751487e245977207e26a315"},"count":2},{"type":"giveItem","item":{"id":"57347da92459774491567cf5"},"count":2}]},{"id":"5d25aed386f77442734d25d2","name":"The Survivalist Path - Unprotected but Dangerous","trader":{"name":"Jaeger"},"objectives":[{"type":"shoot"}]},{"id":"5d25b6be86f77444001e1b89","name":"The Survivalist Path - Thrifty","trader":{"name":"Jaeger"},"objectives":[{"type":"plantItem","item":{"id":"590c5d4b86f774784e1b9c45"},"count":1},{"type":"plantItem","item":{"id":"5448fee04bdc2dbc018b4567"},"count":1},{"type":"plantItem","item":{"id":"590c5d4b86f774784e1b9c45"},"count":1},{"type":"plantItem","item":{"id":"5448fee04bdc2dbc018b4567"},"count":1}]},{"id":"5d25bfd086f77442734d3007","name":"The Survivalist Path - Zhivchik","trader":{"name":"Jaeger"},"objectives":[{"type":"experience"},{"type":"extract"}]},{"id":"5d25c81b86f77443e625dd71","name":"The Survivalist Path - Wounded Beast","trader":{"name":"Jaeger"},"objectives":[{"type":"shoot"}]},{"id":"5d25cf2686f77443e75488d4","name":"The Survivalist Path - Tough Guy","trader":{"name":"Jaeger"},"objectives":[{"type":"shoot"}]},{"id":"5d25d2c186f77443e35162e5","name":"The Survivalist Path - Cold Blooded","trader":{"name":"Jaeger"},"objectives":[{"type":"shoot"}]},{"id":"5d25e29d86f7740a22516326","name":"The Survivalist Path - Eagle-Owl","trader":{"name":"Jaeger"},"objectives":[{"type":"shoot"}]},{"id":"5d25e2a986f77409dd5cdf2a","name":"The Survivalist Path - Combat Medic","trader":{"name":"Jaeger"},"objectives":[{"type":"skill"}]},{"id":"5d25e2c386f77443e7549029","name":"The Huntsman Path - Trophy","trader":{"name":"Jaeger"},"objectives":[{"type":"shoot"},{"type":"findItem","item":{"id":"5b3b713c5acfc4330140bd8d"},"count":1},{"type":"giveItem","item":{"id":"5b3b713c5acfc4330140bd8d"},"count":1}]},{"id":"5d25e2cc86f77443e47ae019","name":"The Huntsman Path - Forest Cleaning","trader":{"name":"Jaeger"},"objectives":[{"type":"shoot"}]},{"id":"5d25e2d886f77442734d335e","name":"The Huntsman Path - Controller","trader":{"name":"Jaeger"},"objectives":[{"type":"shoot"}]},{"id":"5d25e43786f7740a212217fa","name":"The Huntsman Path - Justice","trader":{"name":"Jaeger"},"objectives":[{"type":"shoot"}]},{"id":"5d25e44386f77409453bce7b","name":"The Huntsman Path - Evil Watchman","trader":{"name":"Jaeger"},"objectives":[{"type":"shoot"}]},{"id":"5eaaaa7c93afa0558f3b5a1c","name":"The Survivalist Path - Junkie","trader":{"name":"Jaeger"},"objectives":[{"type":"shoot"}]},{"id":"5d25e2b486f77409de05bba0","name":"The Huntsman Path - Secured Perimeter","trader":{"name":"Jaeger"},"objectives":[{"type":"shoot"}]},{"id":"59674cd986f7744ab26e32f2","name":"Shootout Picnic","trader":{"name":"Prapor"},"objectives":[{"type":"shoot"}]},{"id":"59689ee586f7740d1570bbd5","name":"Sanitary Standards - Part 1","trader":{"name":"Therapist"},"objectives":[{"type":"visit"},{"type":"findItem","item":{"id":"590a3efd86f77437d351a25b"},"count":1},{"type":"giveItem","item":{"id":"590a3efd86f77437d351a25b"},"count":1}]},{"id":"596b36c586f77450d6045ad2","name":"Supplier","trader":{"name":"Skier"},"objectives":[{"type":"giveItem","item":{"id":"59e7635f86f7742cbf2c1095"},"count":1},{"type":"giveItem","item":{"id":"5a38e6bac4a2826c6e06d79b"},"count":1}]},{"id":"5fd9fad9c1ce6b1a3b486d00","name":"Search Mission","trader":{"name":"Prapor"},"objectives":[{"type":"visit"},{"type":"visit"},{"type":"extract"}]},{"id":"59674eb386f774539f14813a","name":"Delivery from the Past","trader":{"name":"Prapor"},"objectives":[{"type":"findQuestItem"},{"type":"plantQuestItem"},{"type":"extract"}]},{"id":"5ac2426c86f774138762edfe","name":"Gunsmith - Part 2","trader":{"name":"Mechanic"},"objectives":[{"type":"buildWeapon"}]},{"id":"63a88045abf76d719f42d715","name":"The Delicious Sausage","trader":{"name":"Jaeger"},"objectives":[{"type":"visit"},{"type":"visit"},{"type":"visit"},{"type":"visit"},{"type":"giveItem","item":{"id":"635a758bfefc88a93f021b8a"},"count":1}]},{"id":"59c124d686f774189b3c843f","name":"BP Depot","trader":{"name":"Prapor"},"objectives":[{"type":"mark"},{"type":"mark"},{"type":"mark"},{"type":"mark"},{"type":"extract"}]},{"id":"59689fbd86f7740d137ebfc4","name":"Operation Aquarius - Part 1","trader":{"name":"Therapist"},"objectives":[{"type":"visit"},{"type":"extract"}]},{"id":"5967530a86f77462ba22226b","name":"Bad Rep Evidence","trader":{"name":"Prapor"},"objectives":[{"type":"visit"},{"type":"findItem","item":{"id":"5938144586f77473c2087145"},"count":1},{"type":"findQuestItem"},{"type":"giveQuestItem"},{"type":"extract"}]},{"id":"5968eb3186f7741dde183a4d","name":"Operation Aquarius - Part 2","trader":{"name":"Therapist"},"objectives":[{"type":"shoot"}]},{"id":"5ac2428686f77412450b42bf","name":"Gunsmith - Part 3","trader":{"name":"Mechanic"},"objectives":[{"type":"buildWeapon"}]},{"id":"596b43fb86f77457ca186186","name":"The Extortionist","trader":{"name":"Skier"},"objectives":[{"type":"findQuestItem"},{"type":"giveQuestItem"},{"type":"visit"},{"type":"visit"}]},{"id":"596a204686f774576d4c95de","name":"Sanitary Standards - Part 2","trader":{"name":"Therapist"},"objectives":[{"type":"findItem","item":{"id":"590a3efd86f77437d351a25b"},"count":2},{"type":"giveItem","item":{"id":"590a3efd86f77437d351a25b"},"count":2}]},{"id":"596b455186f77457cb50eccb","name":"Stirrup","trader":{"name":"Skier"},"objectives":[{"type":"shoot"}]},{"id":"5979ed3886f77431307dc512","name":"What’s on the Flash Drive?","trader":{"name":"Skier"},"objectives":[{"type":"findItem","item":{"id":"590c621186f774138d11ea29"},"count":2},{"type":"giveItem","item":{"id":"590c621186f774138d11ea29"},"count":2}]},{"id":"5969f90786f77420d2328015","name":"Painkiller","trader":{"name":"Therapist"},"objectives":[{"type":"findItem","item":{"id":"544fb3f34bdc2d03748b456a"},"count":4},{"type":"giveItem","item":{"id":"544fb3f34bdc2d03748b456a"},"count":4}]},{"id":"5979eee086f774311955e614","name":"Golden Swag","trader":{"name":"Skier"},"objectives":[{"type":"findQuestItem"},{"type":"plantQuestItem"}]},{"id":"5a27c99a86f7747d2c6bdd8e","name":"Friend From the West - Part 1","trader":{"name":"Skier"},"objectives":[{"type":"shoot"},{"type":"findItem","item":{"id":"59f32c3b86f77472a31742f0"},"count":7},{"type":"giveItem","item":{"id":"59f32c3b86f77472a31742f0"},"count":7}]},{"id":"59675d6c86f7740a842fc482","name":"Ice Cream Cones","trader":{"name":"Prapor"},"objectives":[{"type":"findItem","item":{"id":"55d482194bdc2d1d4e8b456b"},"count":3},{"type":"giveItem","item":{"id":"55d482194bdc2d1d4e8b456b"},"count":3},{"type":"findItem","item":{"id":"591afe0186f77431bd616a11"},"count":1},{"type":"visit"}]},{"id":"5a27d2af86f7744e1115b323","name":"Friend From the West - Part 2","trader":{"name":"Skier"},"objectives":[{"type":"giveItem","item":{"id":"5696686a4bdc2da3298b456a"},"count":6000}]},{"id":"639872f9decada40426d3447","name":"Gunsmith - Part 4","trader":{"name":"Mechanic"},"objectives":[{"type":"buildWeapon"}]},{"id":"5ede55112c95834b583f052a","name":"The Bunker - Part 1","trader":{"name":"Prapor"},"objectives":[{"type":"visit"},{"type":"visit"},{"type":"extract"}]},{"id":"639136e84ed9512be67647db","name":"Cease Fire!","trader":{"name":"Jaeger"},"objectives":[{"type":"extract"}]},{"id":"5969f9e986f7741dde183a50","name":"Pharmacist","trader":{"name":"Therapist"},"objectives":[{"type":"findQuestItem"},{"type":"giveQuestItem"},{"type":"visit"},{"type":"visit"}]},{"id":"5979f9ba86f7740f6c3fe9f2","name":"Chemical - Part 1","trader":{"name":"Skier"},"objectives":[{"type":"findQuestItem"},{"type":"giveQuestItem"},{"type":"findItem","item":{"id":"5780cfa52459777dfb276eb1"},"count":1},{"type":"giveItem","item":{"id":"5780cfa52459777dfb276eb1"},"count":1},{"type":"visit"}]},{"id":"59675ea386f77414b32bded2","name":"Postman Pat - Part 1","trader":{"name":"Prapor"},"objectives":[{"type":"findQuestItem"},{"type":"extract"},{"type":"taskStatus"}]},{"id":"5a27b75b86f7742e97191958","name":"Fishing Gear","trader":{"name":"Peacekeeper"},"objectives":[{"type":"visit"},{"type":"plantItem","item":{"id":"55801eed4bdc2d89578b4588"},"count":1},{"type":"plantItem","item":{"id":"544fb5454bdc2df8738b456a"},"count":1},{"type":"extract"}]},{"id":"5ae3267986f7742a413592fe","name":"Gunsmith - Part 5","trader":{"name":"Mechanic"},"objectives":[{"type":"buildWeapon"}]},{"id":"596760e186f7741e11214d58","name":"Postman Pat - Part 2","trader":{"name":"Therapist"},"objectives":[{"type":"giveQuestItem"}]},{"id":"596a1e6c86f7741ddc2d3206","name":"General Wares","trader":{"name":"Therapist"},"objectives":[{"type":"findItem","item":{"id":"57347d7224597744596b4e72"},"count":15},{"type":"giveItem","item":{"id":"57347d7224597744596b4e72"},"count":15}]},{"id":"596a218586f77420d232807c","name":"Car Repair","trader":{"name":"Therapist"},"objectives":[{"type":"findItem","item":{"id":"5733279d245977289b77ec24"},"count":4},{"type":"findItem","item":{"id":"590a3c0a86f774385a33c450"},"count":8},{"type":"giveItem","item":{"id":"5733279d245977289b77ec24"},"count":4},{"type":"giveItem","item":{"id":"590a3c0a86f774385a33c450"},"count":8}]},{"id":"5979f8bb86f7743ec214c7a6","name":"Polikhim Hobo","trader":{"name":"Prapor"},"objectives":[{"type":"shoot"}]},{"id":"597a0b2986f77426d66c0633","name":"Chemical - Part 2","trader":{"name":"Skier"},"objectives":[{"type":"findQuestItem"},{"type":"giveQuestItem"},{"type":"findQuestItem"},{"type":"giveQuestItem"}]},{"id":"5a27b7a786f774579c3eb376","name":"Tigr Safari","trader":{"name":"Peacekeeper"},"objectives":[{"type":"mark"},{"type":"mark"},{"type":"mark"},{"type":"extract"}]},{"id":"5a27b7d686f77460d847e6a6","name":"Scrap Metal","trader":{"name":"Peacekeeper"},"objectives":[{"type":"mark"},{"type":"mark"},{"type":"mark"},{"type":"extract"}]},{"id":"5a68661a86f774500f48afb0","name":"Health Care Privacy - Part 1","trader":{"name":"Therapist"},"objectives":[{"type":"mark"},{"type":"mark"},{"type":"mark"}]},{"id":"5a68663e86f774501078f78a","name":"Health Care Privacy - Part 2","trader":{"name":"Therapist"},"objectives":[{"type":"findQuestItem"},{"type":"giveQuestItem"},{"type":"extract"}]},{"id":"5a68665c86f774255929b4c7","name":"Health Care Privacy - Part 3","trader":{"name":"Therapist"},"objectives":[{"type":"visit"},{"type":"findQuestItem"},{"type":"giveQuestItem"},{"type":"extract"}]},{"id":"5a68667486f7742607157d28","name":"Health Care Privacy - Part 4","trader":{"name":"Therapist"},"objectives":[{"type":"skill"}]},{"id":"5a68669a86f774255929b4d4","name":"Health Care Privacy - Part 5","trader":{"name":"Therapist"},"objectives":[{"type":"visit"},{"type":"plantItem","item":{"id":"590c5a7286f7747884343aea"},"count":3}]},{"id":"5d6fb2c086f77449da599c24","name":"An Apple a Day Keeps the Doctor Away","trader":{"name":"Therapist"},"objectives":[{"type":"giveItem","item":{"id":"5449016a4bdc2d6f028b456f"},"count":400000}]},{"id":"6391359b9444fb141f4e6ee6","name":"You've Got Mail","trader":{"name":"Prapor"},"objectives":[{"type":"findQuestItem"},{"type":"giveQuestItem"}]},{"id":"597a0e5786f77426d66c0636","name":"Chemical - Part 3","trader":{"name":"Skier"},"objectives":[{"type":"findQuestItem"},{"type":"giveQuestItem"}]},{"id":"5a27b80086f774429a5d7e20","name":"Eagle Eye","trader":{"name":"Peacekeeper"},"objectives":[{"type":"visit"},{"type":"findQuestItem"},{"type":"giveQuestItem"},{"type":"visit"},{"type":"findQuestItem"},{"type":"giveQuestItem"}]},{"id":"5ede567cfa6dc072ce15d6e3","name":"The Bunker - Part 2","trader":{"name":"Prapor"},"objectives":[{"type":"visit"},{"type":"visit"},{"type":"visit"},{"type":"visit"},{"type":"visit"},{"type":"extract"}]},{"id":"597a0f5686f774273b74f676","name":"Chemical - Part 4","trader":{"name":"Skier"},"objectives":[{"type":"visit"},{"type":"mark"},{"type":"extract"}]},{"id":"597a160786f77477531d39d2","name":"Out of Curiosity","trader":{"name":"Therapist"},"objectives":[{"type":"visit"},{"type":"mark"},{"type":"extract"}]},{"id":"597a171586f77405ba6887d3","name":"Big Customer","trader":{"name":"Prapor"},"objectives":[{"type":"visit"},{"type":"mark"},{"type":"extract"}]},{"id":"59c9392986f7742f6923add2","name":"Trust Regain","trader":{"name":"Therapist"},"objectives":[{"type":"findItem","item":{"id":"593aa4be86f77457f56379f8"},"count":1},{"type":"findItem","item":{"id":"591afe0186f77431bd616a11"},"count":1},{"type":"findItem","item":{"id":"5913915886f774123603c392"},"count":1},{"type":"findItem","item":{"id":"5913877a86f774432f15d444"},"count":1},{"type":"giveItem","item":{"id":"593aa4be86f77457f56379f8"},"count":1},{"type":"giveItem","item":{"id":"591afe0186f77431bd616a11"},"count":1},{"type":"giveItem","item":{"id":"5913915886f774123603c392"},"count":1},{"type":"giveItem","item":{"id":"5913877a86f774432f15d444"},"count":1}]},{"id":"59c93e8e86f7742a406989c4","name":"Loyalty Buyout","trader":{"name":"Skier"},"objectives":[{"type":"giveItem","item":{"id":"5449016a4bdc2d6f028b456f"},"count":1000000}]},{"id":"59ca1a6286f774509a270942","name":"No Offence","trader":{"name":"Prapor"},"objectives":[{"type":"findItem","item":{"id":"58d3db5386f77426186285a0"},"count":10},{"type":"giveItem","item":{"id":"58d3db5386f77426186285a0"},"count":10}]},{"id":"5a27b87686f77460de0252a8","name":"Humanitarian Supplies","trader":{"name":"Peacekeeper"},"objectives":[{"type":"mark"},{"type":"mark"},{"type":"findItem","item":{"id":"590c5f0d86f77413997acfab"},"count":5},{"type":"giveItem","item":{"id":"590c5f0d86f77413997acfab"},"count":5},{"type":"extract"},{"type":"shoot"},{"type":"visit"},{"type":"visit"}]},{"id":"5ac345dc86f774288030817f","name":"Farming - Part 1","trader":{"name":"Mechanic"},"objectives":[{"type":"plantItem","item":{"id":"590c2e1186f77425357b6124"},"count":1},{"type":"plantItem","item":{"id":"590c2e1186f77425357b6124"},"count":1},{"type":"extract"}]},{"id":"5ac3467986f7741d6224abc2","name":"Signal - Part 1","trader":{"name":"Mechanic"},"objectives":[{"type":"visit"},{"type":"visit"},{"type":"extract"}]},{"id":"639135d89444fb141f4e6eea","name":"Population Census","trader":{"name":"Therapist"},"objectives":[{"type":"findQuestItem"},{"type":"giveQuestItem"}]},{"id":"60896bca6ee58f38c417d4f2","name":"No Place for Renegades","trader":{"name":"Prapor"},"objectives":[{"type":"shoot"}]},{"id":"5a03173786f77451cb427172","name":"Spa Tour - Part 2","trader":{"name":"Peacekeeper"},"objectives":[{"type":"mark"},{"type":"mark"},{"type":"extract"}]},{"id":"5a0327ba86f77456b9154236","name":"Spa Tour - Part 3","trader":{"name":"Peacekeeper"},"objectives":[{"type":"findItem","item":{"id":"590c5bbd86f774785762df04"},"count":1},{"type":"giveItem","item":{"id":"590c5bbd86f774785762df04"},"count":1},{"type":"findItem","item":{"id":"59e358a886f7741776641ac3"},"count":2},{"type":"giveItem","item":{"id":"59e358a886f7741776641ac3"},"count":2},{"type":"findItem","item":{"id":"59e35cbb86f7741778269d83"},"count":2},{"type":"giveItem","item":{"id":"59e35cbb86f7741778269d83"},"count":2},{"type":"findItem","item":{"id":"59e3556c86f7741776641ac2"},"count":2},{"type":"giveItem","item":{"id":"59e3556c86f7741776641ac2"},"count":2}]},{"id":"5a03296886f774569778596a","name":"Spa Tour - Part 4","trader":{"name":"Peacekeeper"},"objectives":[{"type":"visit"},{"type":"visit"},{"type":"extract"}]},{"id":"5a0449d586f77474e66227b7","name":"Spa Tour - Part 5","trader":{"name":"Peacekeeper"},"objectives":[{"type":"findQuestItem"},{"type":"giveQuestItem"}]},{"id":"5a27ba1c86f77461ea5a3c56","name":"The Cult - Part 2","trader":{"name":"Peacekeeper"},"objectives":[{"type":"mark"},{"type":"mark"},{"type":"mark"},{"type":"mark"}]},{"id":"5a27ba9586f7741b543d8e85","name":"Spa Tour - Part 6","trader":{"name":"Peacekeeper"},"objectives":[{"type":"giveItem","item":{"id":"5696686a4bdc2da3298b456a"},"count":8000}]},{"id":"5a27bafb86f7741c73584017","name":"Spa Tour - Part 7","trader":{"name":"Peacekeeper"},"objectives":[{"type":"findItem","item":{"id":"544fb3f34bdc2d03748b456a"},"count":4},{"type":"giveItem","item":{"id":"544fb3f34bdc2d03748b456a"},"count":4},{"type":"findItem","item":{"id":"59faf98186f774067b6be103"},"count":2},{"type":"giveItem","item":{"id":"59faf98186f774067b6be103"},"count":2},{"type":"findItem","item":{"id":"59e35cbb86f7741778269d83"},"count":2},{"type":"giveItem","item":{"id":"59e35cbb86f7741778269d83"},"count":2},{"type":"findItem","item":{"id":"59fafb5d86f774067a6f2084"},"count":2},{"type":"giveItem","item":{"id":"59fafb5d86f774067a6f2084"},"count":2}]},{"id":"5a27bb1e86f7741f27621b7e","name":"Cargo X - Part 1","trader":{"name":"Peacekeeper"},"objectives":[{"type":"findQuestItem"},{"type":"giveQuestItem"}]},{"id":"5a27bb3d86f77411ea361a21","name":"Cargo X - Part 2","trader":{"name":"Peacekeeper"},"objectives":[{"type":"visit"},{"type":"findQuestItem"},{"type":"giveQuestItem"}]},{"id":"5a27bb5986f7741dfb660900","name":"Cargo X - Part 3","trader":{"name":"Peacekeeper"},"objectives":[{"type":"visit"},{"type":"extract"}]},{"id":"5ac3460c86f7742880308185","name":"Farming - Part 2","trader":{"name":"Mechanic"},"objectives":[{"type":"findItem","item":{"id":"59e36c6f86f774176c10a2a7"},"count":2},{"type":"giveItem","item":{"id":"59e36c6f86f774176c10a2a7"},"count":2},{"type":"findItem","item":{"id":"57347cd0245977445a2d6ff1"},"count":4},{"type":"giveItem","item":{"id":"57347cd0245977445a2d6ff1"},"count":4},{"type":"findItem","item":{"id":"590a3b0486f7743954552bdb"},"count":2},{"type":"giveItem","item":{"id":"590a3b0486f7743954552bdb"},"count":2}]},{"id":"5ac346a886f7744e1b083d67","name":"Signal - Part 2","trader":{"name":"Mechanic"},"objectives":[{"type":"findItem","item":{"id":"573477e124597737dd42e191"},"count":3},{"type":"giveItem","item":{"id":"573477e124597737dd42e191"},"count":3},{"type":"findItem","item":{"id":"590a358486f77429692b2790"},"count":3},{"type":"giveItem","item":{"id":"590a358486f77429692b2790"},"count":3},{"type":"findItem","item":{"id":"590a3b0486f7743954552bdb"},"count":3},{"type":"giveItem","item":{"id":"590a3b0486f7743954552bdb"},"count":3},{"type":"findItem","item":{"id":"56742c324bdc2d150f8b456d"},"count":3},{"type":"giveItem","item":{"id":"56742c324bdc2d150f8b456d"},"count":3}]},{"id":"5ac3475486f7741d6224abd3","name":"Bad Habit","trader":{"name":"Mechanic"},"objectives":[{"type":"findItem","item":{"id":"573476d324597737da2adc13"},"count":5},{"type":"giveItem","item":{"id":"573476d324597737da2adc13"},"count":5},{"type":"findItem","item":{"id":"5734770f24597738025ee254"},"count":5},{"type":"giveItem","item":{"id":"5734770f24597738025ee254"},"count":5},{"type":"findItem","item":{"id":"573476f124597737e04bf328"},"count":5},{"type":"giveItem","item":{"id":"573476f124597737e04bf328"},"count":5}]},{"id":"5ac3477486f7741d651d6885","name":"Scout","trader":{"name":"Mechanic"},"objectives":[{"type":"visit"},{"type":"visit"},{"type":"visit"},{"type":"visit"},{"type":"extract"}]},{"id":"60896b7bfa70fc097863b8f5","name":"Documents","trader":{"name":"Prapor"},"objectives":[{"type":"findQuestItem"},{"type":"findQuestItem"},{"type":"findQuestItem"},{"type":"giveQuestItem"},{"type":"giveQuestItem"},{"type":"giveQuestItem"}]},{"id":"61958c366726521dd96828ec","name":"Cargo X - Part 4","trader":{"name":"Peacekeeper"},"objectives":[{"type":"mark"},{"type":"extract"}]},{"id":"626bd75e47ea7f506e5493c5","name":"Broadcast - Part 1","trader":{"name":"Mechanic"},"objectives":[{"type":"visit"},{"type":"plantItem","item":{"id":"5ac78a9b86f7741cca0bbd8d"},"count":1}]},{"id":"64f731ab83cfca080a361e42","name":"Pets Won't Need It - Part 1","trader":{"name":"Therapist"},"objectives":[{"type":"visit"},{"type":"visit"},{"type":"extract"}]},{"id":"60c0c018f7afb4354815096a","name":"The Huntsman Path - Factory Chief","trader":{"name":"Jaeger"},"objectives":[{"type":"shoot"},{"type":"findItem","item":{"id":"60a7acf20c5cb24b01346648"},"count":1},{"type":"giveItem","item":{"id":"60a7acf20c5cb24b01346648"},"count":1}]},{"id":"5ac3479086f7742880308199","name":"Insider","trader":{"name":"Mechanic"},"objectives":[{"type":"traderLevel"}]},{"id":"5a03153686f77442d90e2171","name":"Spa Tour - Part 1","trader":{"name":"Peacekeeper"},"objectives":[{"type":"shoot"}]},{"id":"5a27b9de86f77464e5044585","name":"The Cult - Part 1","trader":{"name":"Peacekeeper"},"objectives":[{"type":"visit"},{"type":"extract"}]},{"id":"596a0e1686f7741ddf17dbee","name":"Supply Plans","trader":{"name":"Therapist"},"objectives":[{"type":"findQuestItem"},{"type":"extract"},{"type":"giveQuestItem"}]},{"id":"596a101f86f7741ddb481582","name":"Kind of Sabotage","trader":{"name":"Skier"},"objectives":[{"type":"giveQuestItem"}]},{"id":"5d25e2ee86f77443e35162ea","name":"The Huntsman Path - Woods Keeper","trader":{"name":"Jaeger"},"objectives":[{"type":"shoot"},{"type":"findItem","item":{"id":"5d08d21286f774736e7c94c3"},"count":1},{"type":"giveItem","item":{"id":"5d08d21286f774736e7c94c3"},"count":1}]},{"id":"5ae3270f86f77445ba41d4dd","name":"Gunsmith - Part 6","trader":{"name":"Mechanic"},"objectives":[{"type":"buildWeapon"}]},{"id":"5a27bb8386f7741c770d2d0a","name":"Wet Job - Part 1","trader":{"name":"Peacekeeper"},"objectives":[{"type":"shoot"}]},{"id":"5ac3462b86f7741d6118b983","name":"Farming - Part 3","trader":{"name":"Mechanic"},"objectives":[{"type":"visit"},{"type":"findQuestItem"},{"type":"giveQuestItem"}]},{"id":"6089736efa70fc097863b8f6","name":"Back Door","trader":{"name":"Mechanic"},"objectives":[{"type":"visit"},{"type":"extract"}]},{"id":"5a27bbf886f774333a418eeb","name":"Wet Job - Part 2","trader":{"name":"Peacekeeper"},"objectives":[{"type":"visit"},{"type":"mark"},{"type":"extract"}]},{"id":"5a27bc1586f7741f6d40fa2f","name":"Wet Job - Part 3","trader":{"name":"Peacekeeper"},"objectives":[{"type":"visit"},{"type":"extract"}]},{"id":"5a27bc3686f7741c73584026","name":"Wet Job - Part 4","trader":{"name":"Peacekeeper"},"objectives":[{"type":"findQuestItem"},{"type":"giveQuestItem"}]},{"id":"5a27bc6986f7741c7358402b","name":"Wet Job - Part 5","trader":{"name":"Peacekeeper"},"objectives":[{"type":"findQuestItem"},{"type":"giveQuestItem"}]},{"id":"5a27bc8586f7741b543d8ea4","name":"Wet Job - Part 6","trader":{"name":"Peacekeeper"},"objectives":[{"type":"skill"}]},{"id":"5ac3464c86f7741d651d6877","name":"Farming - Part 4","trader":{"name":"Mechanic"},"objectives":[{"type":"findItem","item":{"id":"57347ca924597744596b4e71"},"count":3},{"type":"giveItem","item":{"id":"57347ca924597744596b4e71"},"count":3},{"type":"findItem","item":{"id":"5734779624597737e04bf329"},"count":15},{"type":"giveItem","item":{"id":"5734779624597737e04bf329"},"count":15}]},{"id":"5c0bde0986f77479cf22c2f8","name":"A Shooter Born in Heaven","trader":{"name":"Mechanic"},"objectives":[{"type":"shoot"},{"type":"shoot"},{"type":"shoot"},{"type":"shoot"},{"type":"shoot"},{"type":"shoot"},{"type":"shoot"}]},{"id":"5d6fbc2886f77449d825f9d3","name":"Mentor","trader":{"name":"Peacekeeper"},"objectives":[{"type":"giveItem","item":{"id":"569668774bdc2da2298b4568"},"count":50000}]},{"id":"60896888e4a85c72ef3fa300","name":"Classified Technologies","trader":{"name":"Peacekeeper"},"objectives":[{"type":"findQuestItem"},{"type":"giveQuestItem"}]},{"id":"6089732b59b92115597ad789","name":"Surplus Goods","trader":{"name":"Mechanic"},"objectives":[{"type":"findQuestItem"},{"type":"giveQuestItem"}]},{"id":"6179b4d1bca27a099552e04e","name":"Revision - Lighthouse","trader":{"name":"Peacekeeper"},"objectives":[{"type":"mark"},{"type":"mark"},{"type":"mark"},{"type":"mark"}]},{"id":"6086c852c945025d41566124","name":"Revision - Reserve","trader":{"name":"Peacekeeper"},"objectives":[{"type":"visit"},{"type":"mark"},{"type":"visit"},{"type":"mark"},{"type":"visit"},{"type":"mark"},{"type":"visit"},{"type":"mark"},{"type":"visit"},{"type":"mark"},{"type":"visit"},{"type":"visit"}]},{"id":"5ae448a386f7744d3730fff0","name":"Only Business","trader":{"name":"Ragman"},"objectives":[{"type":"traderLevel"}]},{"id":"5967725e86f774601a446662","name":"Shaking up the Teller","trader":{"name":"Prapor"},"objectives":[{"type":"findQuestItem"},{"type":"giveQuestItem"},{"type":"visit"}]},{"id":"60896e28e4a85c72ef3fa301","name":"Disease History","trader":{"name":"Therapist"},"objectives":[{"type":"findQuestItem"},{"type":"findQuestItem"},{"type":"giveQuestItem"},{"type":"giveQuestItem"}]},{"id":"639135b04ed9512be67647d7","name":"Glory to CPSU - Part 1","trader":{"name":"Prapor"},"objectives":[{"type":"visit"},{"type":"extract"}]},{"id":"6089743983426423753cd58a","name":"Safe Corridor","trader":{"name":"Skier"},"objectives":[{"type":"shoot"}]},{"id":"5ac346cf86f7741d63233a02","name":"Signal - Part 3","trader":{"name":"Mechanic"},"objectives":[{"type":"mark"},{"type":"mark"},{"type":"mark"},{"type":"extract"}]},{"id":"6179aff8f57fb279792c60a1","name":"Overpopulation","trader":{"name":"Peacekeeper"},"objectives":[{"type":"shoot"}]},{"id":"63913715f8e5dd32bf4e3aaa","name":"Broadcast - Part 2","trader":{"name":"Mechanic"},"objectives":[{"type":"visit"},{"type":"extract"}]},{"id":"63ab180c87413d64ae0ac20a","name":"Dangerous Road","trader":{"name":"Therapist"},"objectives":[{"type":"extract"}]},{"id":"5ac244eb86f7741356335af1","name":"Gunsmith - Part 7","trader":{"name":"Mechanic"},"objectives":[{"type":"buildWeapon"}]},{"id":"5ac346e886f7741d6118b99b","name":"Signal - Part 4","trader":{"name":"Mechanic"},"objectives":[{"type":"skill"}]},{"id":"64ee9df4496db64f9b7a4432","name":"The Door","trader":{"name":"Mechanic"},"objectives":[{"type":"visit"},{"type":"plantItem","item":{"id":"5b4391a586f7745321235ab2"},"count":1},{"type":"plantItem","item":{"id":"5b4391a586f7745321235ab2"},"count":1},{"type":"extract"}]},{"id":"64f5aac4b63b74469b6c14c2","name":"Glory to CPSU - Part 2","trader":{"name":"Prapor"},"objectives":[{"type":"visit"},{"type":"findQuestItem"},{"type":"giveQuestItem"}]},{"id":"6179afd0bca27a099552e040","name":"Lost Contact","trader":{"name":"Therapist"},"objectives":[{"type":"visit"},{"type":"extract"}]},{"id":"639135e0fa894f0a866afde6","name":"Urban Medicine","trader":{"name":"Therapist"},"objectives":[{"type":"visit"},{"type":"findQuestItem"},{"type":"giveQuestItem"}]},{"id":"6179b3bdc7560e13d23eeb8d","name":"Corporate Secrets","trader":{"name":"Mechanic"},"objectives":[{"type":"findQuestItem"},{"type":"giveQuestItem"},{"type":"findQuestItem"},{"type":"giveQuestItem"}]},{"id":"639135f286e646067c176a87","name":"Revision - Streets of Tarkov","trader":{"name":"Peacekeeper"},"objectives":[{"type":"mark"},{"type":"mark"},{"type":"mark"},{"type":"extract"}]},{"id":"59c50a9e86f7745fef66f4ff","name":"The Punisher - Part 1","trader":{"name":"Prapor"},"objectives":[{"type":"shoot"}]},{"id":"5ae3277186f7745973054106","name":"Gunsmith - Part 8","trader":{"name":"Mechanic"},"objectives":[{"type":"buildWeapon"}]},{"id":"5ae448bf86f7744d733e55ee","name":"Make ULTRA Great Again","trader":{"name":"Ragman"},"objectives":[{"type":"shoot"}]},{"id":"5ae448e586f7744dcf0c2a67","name":"Big Sale","trader":{"name":"Ragman"},"objectives":[{"type":"visit"},{"type":"visit"},{"type":"visit"},{"type":"visit"},{"type":"visit"},{"type":"extract"}]},{"id":"6179ad56c760af5ad2053587","name":"Seaside Vacation","trader":{"name":"Therapist"},"objectives":[{"type":"findQuestItem"},{"type":"giveQuestItem"}]},{"id":"638fcd23dc65553116701d33","name":"Audit","trader":{"name":"Ragman"},"objectives":[{"type":"findQuestItem"},{"type":"giveQuestItem"}]},{"id":"5ae4490786f7744ca822adcc","name":"Dressed to Kill","trader":{"name":"Ragman"},"objectives":[{"type":"findItem","item":{"id":"5aa2b9ede5b5b000137b758b"},"count":2},{"type":"findItem","item":{"id":"59e7708286f7742cbd762753"},"count":2},{"type":"giveItem","item":{"id":"59e7708286f7742cbd762753"},"count":2},{"type":"giveItem","item":{"id":"5aa2b9ede5b5b000137b758b"},"count":2}]},{"id":"5ae4493d86f7744b8e15aa8f","name":"Database - Part 2","trader":{"name":"Ragman"},"objectives":[{"type":"findQuestItem"},{"type":"giveQuestItem"}]},{"id":"608974af4b05530f55550c21","name":"Inventory Check","trader":{"name":"Ragman"},"objectives":[{"type":"visit"},{"type":"visit"},{"type":"visit"},{"type":"visit"},{"type":"visit"},{"type":"extract"}]},{"id":"608974d01a66564e74191fc0","name":"A Fuel Matter","trader":{"name":"Ragman"},"objectives":[{"type":"mark"},{"type":"mark"},{"type":"extract"}]},{"id":"626bd75b05f287031503c7f6","name":"Drug Trafficking","trader":{"name":"Therapist"},"objectives":[{"type":"visit"},{"type":"plantItem","item":{"id":"5b4391a586f7745321235ab2"},"count":1}]},{"id":"64e7b971f9d6fa49d6769b44","name":"The Huntsman Path - Big Game","trader":{"name":"Jaeger"},"objectives":[{"type":"shoot"},{"type":"shoot"}]},{"id":"64f3176921045e77405d63b5","name":"Ambulances Again","trader":{"name":"Therapist"},"objectives":[{"type":"findQuestItem"},{"type":"extract"},{"type":"giveQuestItem"}]},{"id":"5ae448f286f77448d73c0131","name":"The Blood of War - Part 1","trader":{"name":"Ragman"},"objectives":[{"type":"mark"},{"type":"mark"},{"type":"mark"},{"type":"extract"}]},{"id":"5ae4493486f7744efa289417","name":"Database - Part 1","trader":{"name":"Ragman"},"objectives":[{"type":"findQuestItem"},{"type":"giveQuestItem"},{"type":"findQuestItem"},{"type":"giveQuestItem"},{"type":"findQuestItem"},{"type":"giveQuestItem"}]},{"id":"5ae449b386f77446d8741719","name":"Gratitude","trader":{"name":"Ragman"},"objectives":[{"type":"plantItem","item":{"id":"5ab8f4ff86f77431c60d91ba"},"count":1},{"type":"plantItem","item":{"id":"5ab8f85d86f7745cd93a1cf5"},"count":1},{"type":"plantItem","item":{"id":"5aa2b9aee5b5b00015693121"},"count":1},{"type":"plantItem","item":{"id":"5aa2b923e5b5b000137b7589"},"count":1}]},{"id":"59c50c8886f7745fed3193bf","name":"The Punisher - Part 2","trader":{"name":"Prapor"},"objectives":[{"type":"shoot"},{"type":"findItem","item":{"id":"572b7fa524597762b747ce82"},"count":7},{"type":"giveItem","item":{"id":"572b7fa524597762b747ce82"},"count":7}]},{"id":"6179ac7511973d018217d0b9","name":"Easy Job - Part 1","trader":{"name":"Prapor"},"objectives":[{"type":"visit"},{"type":"mark"},{"type":"extract"}]},{"id":"6179acbdc760af5ad2053585","name":"Easy Job - Part 2","trader":{"name":"Prapor"},"objectives":[{"type":"shoot"}]},{"id":"626bd75c71bd851e971b82a5","name":"Reconnaissance","trader":{"name":"Prapor"},"objectives":[{"type":"visit"},{"type":"visit"},{"type":"visit"},{"type":"extract"}]},{"id":"639872fa9b4fb827b200d8e5","name":"Gunsmith - Part 9","trader":{"name":"Mechanic"},"objectives":[{"type":"buildWeapon"}]},{"id":"59c512ad86f7741f0d09de9b","name":"The Punisher - Part 3","trader":{"name":"Prapor"},"objectives":[{"type":"shoot"}]},{"id":"5c0d190cd09282029f5390d8","name":"Grenadier","trader":{"name":"Prapor"},"objectives":[{"type":"shoot"}]},{"id":"5d25e48186f77443e625e386","name":"Courtesy Visit","trader":{"name":"Jaeger"},"objectives":[{"type":"visit"},{"type":"visit"},{"type":"visit"},{"type":"extract"}]},{"id":"5d25e4d586f77443e625e388","name":"Reserve","trader":{"name":"Jaeger"},"objectives":[{"type":"visit"},{"type":"extract"}]},{"id":"6193850f60b34236ee0483de","name":"Long Road","trader":{"name":"Skier"},"objectives":[{"type":"shoot"}]},{"id":"5d25e48d86f77408251c4bfb","name":"Shady Business","trader":{"name":"Jaeger"},"objectives":[{"type":"findItem","item":{"id":"590c621186f774138d11ea29"},"count":3},{"type":"giveItem","item":{"id":"590c621186f774138d11ea29"},"count":3}]},{"id":"639136d68ba6894d155e77cf","name":"Green Corridor","trader":{"name":"Prapor"},"objectives":[{"type":"visit"},{"type":"visit"},{"type":"extract"}]},{"id":"639282134ed9512be67647ed","name":"Road Closed","trader":{"name":"Peacekeeper"},"objectives":[{"type":"visit"},{"type":"visit"},{"type":"extract"}]},{"id":"639136fa9444fb141f4e6eee","name":"Watching You","trader":{"name":"Mechanic"},"objectives":[{"type":"visit"},{"type":"findQuestItem"},{"type":"giveQuestItem"}]},{"id":"63a511ea30d85e10e375b045","name":"Broadcast - Part 3","trader":{"name":"Jaeger"},"objectives":[{"type":"visit"},{"type":"extract"}]},{"id":"639135a7e705511c8a4a1b78","name":"Ballet Lover","trader":{"name":"Ragman"},"objectives":[{"type":"visit"},{"type":"extract"}]},{"id":"59ca264786f77445a80ed044","name":"The Punisher - Part 4","trader":{"name":"Prapor"},"objectives":[{"type":"shoot"},{"type":"shoot"},{"type":"findItem","item":{"id":"57e26fc7245977162a14b800"},"count":5},{"type":"giveItem","item":{"id":"57e26fc7245977162a14b800"},"count":5}]},{"id":"5ae327c886f7745c7b3f2f3f","name":"Gunsmith - Part 10","trader":{"name":"Mechanic"},"objectives":[{"type":"buildWeapon"}]},{"id":"59ca29fb86f77445ab465c87","name":"The Punisher - Part 5","trader":{"name":"Prapor"},"objectives":[{"type":"findItem","item":{"id":"5644bd2b4bdc2d3b4c8b4572"},"count":1},{"type":"giveItem","item":{"id":"5644bd2b4bdc2d3b4c8b4572"},"count":1},{"type":"findItem","item":{"id":"5447a9cd4bdc2dbd208b4567"},"count":1},{"type":"giveItem","item":{"id":"5447a9cd4bdc2dbd208b4567"},"count":1},{"type":"findItem","item":{"id":"5448bd6b4bdc2dfc2f8b4569"},"count":2},{"type":"giveItem","item":{"id":"5448bd6b4bdc2dfc2f8b4569"},"count":2},{"type":"shoot"}]},{"id":"5d25e44f86f77443e625e385","name":"The Huntsman Path - Eraser - Part 1","trader":{"name":"Jaeger"},"objectives":[{"type":"shoot"}]},{"id":"608a768d82e40b3c727fd17d","name":"Pest Control","trader":{"name":"Jaeger"},"objectives":[{"type":"shoot"}]},{"id":"6179b5b06e9dd54ac275e409","name":"Our Own Land","trader":{"name":"Prapor"},"objectives":[{"type":"shoot"},{"type":"giveItem","item":{"id":"59f32c3b86f77472a31742f0"},"count":20}]},{"id":"61904daa7d0d857927447b9c","name":"The Hermit","trader":{"name":"Jaeger"},"objectives":[{"type":"visit"},{"type":"findQuestItem"},{"type":"giveQuestItem"}]},{"id":"5edab736cc183c769d778bc2","name":"Colleagues - Part 1","trader":{"name":"Therapist"},"objectives":[{"type":"visit"},{"type":"visit"},{"type":"visit"},{"type":"extract"}]},{"id":"5eda19f0edce541157209cee","name":"Anesthesia","trader":{"name":"Prapor"},"objectives":[{"type":"mark"},{"type":"mark"},{"type":"mark"},{"type":"extract"}]},{"id":"59ca2eb686f77445a80ed049","name":"The Punisher - Part 6","trader":{"name":"Prapor"},"objectives":[{"type":"shoot"},{"type":"findItem","item":{"id":"59f32bb586f774757e1e8442"},"count":7},{"type":"giveItem","item":{"id":"59f32bb586f774757e1e8442"},"count":7},{"type":"findItem","item":{"id":"59f32c3b86f77472a31742f0"},"count":7},{"type":"giveItem","item":{"id":"59f32c3b86f77472a31742f0"},"count":7}]},{"id":"5edaba7c0c502106f869bc02","name":"Colleagues - Part 2","trader":{"name":"Therapist"},"objectives":[{"type":"findQuestItem"},{"type":"giveQuestItem"},{"type":"findQuestItem"},{"type":"giveQuestItem"}]},{"id":"5edabd13218d181e29451442","name":"Rigged Game","trader":{"name":"Skier"},"objectives":[{"type":"plantItem","item":{"id":"5991b51486f77447b112d44f"},"count":1},{"type":"plantItem","item":{"id":"5991b51486f77447b112d44f"},"count":1},{"type":"plantItem","item":{"id":"5991b51486f77447b112d44f"},"count":1},{"type":"extract"}]},{"id":"64e7b99017ab941a6f7bf9d7","name":"Gendarmerie - Mall Cop","trader":{"name":"Prapor"},"objectives":[{"type":"shoot"}]},{"id":"64e7b9a4aac4cd0a726562cb","name":"Gendarmerie - Tickets, Please","trader":{"name":"Prapor"},"objectives":[{"type":"shoot"}]},{"id":"5edac020218d181e29451446","name":"Samples","trader":{"name":"Peacekeeper"},"objectives":[{"type":"findItem","item":{"id":"5ed51652f6c34d2cc26336a1"},"count":1},{"type":"giveItem","item":{"id":"5ed51652f6c34d2cc26336a1"},"count":1},{"type":"findItem","item":{"id":"5ed5166ad380ab312177c100"},"count":1},{"type":"giveItem","item":{"id":"5ed5166ad380ab312177c100"},"count":1},{"type":"findItem","item":{"id":"5ed5160a87bb8443d10680b5"},"count":1},{"type":"giveItem","item":{"id":"5ed5160a87bb8443d10680b5"},"count":1},{"type":"findItem","item":{"id":"5ed515f6915ec335206e4152"},"count":1},{"type":"giveItem","item":{"id":"5ed515f6915ec335206e4152"},"count":1},{"type":"findItem","item":{"id":"5ed515ece452db0eb56fc028"},"count":1},{"type":"giveItem","item":{"id":"5ed515ece452db0eb56fc028"},"count":1},{"type":"findItem","item":{"id":"5ed515e03a40a50460332579"},"count":1},{"type":"giveItem","item":{"id":"5ed515e03a40a50460332579"},"count":1},{"type":"findItem","item":{"id":"5ed515c8d380ab312177c0fa"},"count":1},{"type":"giveItem","item":{"id":"5ed515c8d380ab312177c0fa"},"count":1}]},{"id":"6179ad0a6e9dd54ac275e3f2","name":"The Huntsman Path - Outcasts","trader":{"name":"Jaeger"},"objectives":[{"type":"shoot"}]},{"id":"5b478eca86f7744642012254","name":"Vitamins - Part 1","trader":{"name":"Skier"},"objectives":[{"type":"findQuestItem"},{"type":"giveQuestItem"},{"type":"findQuestItem"},{"type":"giveQuestItem"},{"type":"findQuestItem"},{"type":"giveQuestItem"}]},{"id":"639136f086e646067c176a8b","name":"Kings of the Rooftops","trader":{"name":"Prapor"},"objectives":[{"type":"shoot"},{"type":"extract"}]},{"id":"639872fc93ae507d5858c3a6","name":"Gunsmith - Part 11","trader":{"name":"Mechanic"},"objectives":[{"type":"buildWeapon"}]},{"id":"5b478ff486f7744d184ecbbf","name":"Vitamins - Part 2","trader":{"name":"Skier"},"objectives":[{"type":"giveItem","item":{"id":"59e7715586f7742ee5789605"},"count":4},{"type":"findItem","item":{"id":"59e7715586f7742ee5789605"},"count":4},{"type":"findItem","item":{"id":"5b4335ba86f7744d2837a264"},"count":3},{"type":"giveItem","item":{"id":"5b4335ba86f7744d2837a264"},"count":3}]},{"id":"5edac34d0bb72a50635c2bfa","name":"Colleagues - Part 3","trader":{"name":"Therapist"},"objectives":[{"type":"taskStatus"},{"type":"findItem","item":{"id":"5c94bbff86f7747ee735c08f"},"count":10},{"type":"giveItem","item":{"id":"5c94bbff86f7747ee735c08f"},"count":10},{"type":"findItem","item":{"id":"5ed515f6915ec335206e4152"},"count":1},{"type":"giveItem","item":{"id":"5ed515f6915ec335206e4152"},"count":1},{"type":"findItem","item":{"id":"5ed515c8d380ab312177c0fa"},"count":1},{"type":"giveItem","item":{"id":"5ed515c8d380ab312177c0fa"},"count":1}]},{"id":"64f5e20652fc01298e2c61e3","name":"Beyond the Red Meat - Part 1","trader":{"name":"Skier"},"objectives":[{"type":"findQuestItem"},{"type":"giveQuestItem"}]},{"id":"64f6aafd67e11a7c6206e0d0","name":"Beyond the Red Meat - Part 2","trader":{"name":"Skier"},"objectives":[{"type":"findQuestItem"},{"type":"giveQuestItem"}]},{"id":"5f04886a3937dc337a6b8238","name":"Chemistry Closet","trader":{"name":"Mechanic"},"objectives":[{"type":"visit"},{"type":"extract"}]},{"id":"5edab4b1218d181e29451435","name":"The Huntsman Path - Sadist","trader":{"name":"Jaeger"},"objectives":[{"type":"shoot"}]},{"id":"639136df4b15ca31f76bc31f","name":"The Huntsman Path - Administrator","trader":{"name":"Jaeger"},"objectives":[{"type":"shoot"},{"type":"useItem"}]},{"id":"5b47799d86f7746c5d6a5fd8","name":"Gunsmith - Part 12","trader":{"name":"Mechanic"},"objectives":[{"type":"buildWeapon"}]},{"id":"5edac63b930f5454f51e128b","name":"TerraGroup Employee","trader":{"name":"Peacekeeper"},"objectives":[{"type":"visit"},{"type":"findQuestItem"},{"type":"giveQuestItem"}]},{"id":"5b47926a86f7747ccc057c15","name":"Informed Means Armed","trader":{"name":"Skier"},"objectives":[{"type":"plantItem","item":{"id":"5b4391a586f7745321235ab2"},"count":1},{"type":"plantItem","item":{"id":"5b4391a586f7745321235ab2"},"count":1},{"type":"plantItem","item":{"id":"5b4391a586f7745321235ab2"},"count":1}]},{"id":"5b478d0f86f7744d190d91b5","name":"Minibus","trader":{"name":"Ragman"},"objectives":[{"type":"mark"},{"type":"mark"},{"type":"mark"},{"type":"extract"}]},{"id":"5b4794cb86f774598100d5d4","name":"Lend-Lease - Part 1","trader":{"name":"Skier"},"objectives":[{"type":"findQuestItem"},{"type":"giveQuestItem"},{"type":"findQuestItem"},{"type":"giveQuestItem"},{"type":"findQuestItem"},{"type":"giveQuestItem"},{"type":"findQuestItem"},{"type":"giveQuestItem"},{"type":"findQuestItem"},{"type":"giveQuestItem"}]},{"id":"5d4bec3486f7743cac246665","name":"Regulated Materials","trader":{"name":"Prapor"},"objectives":[{"type":"findItem","item":{"id":"5d03794386f77420415576f5"},"count":1},{"type":"giveItem","item":{"id":"5d03794386f77420415576f5"},"count":1},{"type":"findItem","item":{"id":"5d0379a886f77420407aa271"},"count":5},{"type":"giveItem","item":{"id":"5d0379a886f77420407aa271"},"count":5}]},{"id":"5c0bd01e86f7747cdd799e56","name":"Insomnia","trader":{"name":"Peacekeeper"},"objectives":[{"type":"shoot"}]},{"id":"6179b3a12153c15e937d52bc","name":"Energy Crisis","trader":{"name":"Mechanic"},"objectives":[{"type":"mark"},{"type":"mark"},{"type":"mark"},{"type":"mark"}]},{"id":"5ae4495086f77443c122bc40","name":"Sew it Good - Part 1","trader":{"name":"Ragman"},"objectives":[{"type":"findItem","item":{"id":"5ab8f20c86f7745cdb629fb2"},"count":1},{"type":"giveItem","item":{"id":"5ab8f20c86f7745cdb629fb2"},"count":1},{"type":"findItem","item":{"id":"59e763f286f7742ee57895da"},"count":1},{"type":"giveItem","item":{"id":"59e763f286f7742ee57895da"},"count":1}]},{"id":"5d25e46e86f77409453bce7c","name":"Ambulance","trader":{"name":"Jaeger"},"objectives":[{"type":"giveItem","item":{"id":"5c052e6986f7746b207bc3c9"},"count":1},{"type":"findItem","item":{"id":"5d02778e86f774203e7dedbe"},"count":2},{"type":"findItem","item":{"id":"5c052e6986f7746b207bc3c9"},"count":1},{"type":"giveItem","item":{"id":"5d02778e86f774203e7dedbe"},"count":2}]},{"id":"5ac244c486f77413e12cf945","name":"Gunsmith - Part 13","trader":{"name":"Mechanic"},"objectives":[{"type":"buildWeapon"}]},{"id":"5ae4495c86f7744e87761355","name":"Sew it Good - Part 2","trader":{"name":"Ragman"},"objectives":[{"type":"findItem","item":{"id":"5ab8e79e86f7742d8b372e78"},"count":1},{"type":"giveItem","item":{"id":"5ab8e79e86f7742d8b372e78"},"count":1},{"type":"findItem","item":{"id":"5ab8e79e86f7742d8b372e78"},"count":1},{"type":"giveItem","item":{"id":"5ab8e79e86f7742d8b372e78"},"count":1}]},{"id":"5ae4496986f774459e77beb6","name":"Sew it Good - Part 3","trader":{"name":"Ragman"},"objectives":[{"type":"findItem","item":{"id":"545cdb794bdc2d3a198b456a"},"count":1},{"type":"giveItem","item":{"id":"545cdb794bdc2d3a198b456a"},"count":1},{"type":"findItem","item":{"id":"545cdb794bdc2d3a198b456a"},"count":1},{"type":"giveItem","item":{"id":"545cdb794bdc2d3a198b456a"},"count":1}]},{"id":"5ae4497b86f7744cf402ed00","name":"Sew it Good - Part 4","trader":{"name":"Ragman"},"objectives":[{"type":"findItem","item":{"id":"59e7643b86f7742cbf2c109a"},"count":2},{"type":"giveItem","item":{"id":"59e7643b86f7742cbf2c109a"},"count":2},{"type":"findItem","item":{"id":"5648a69d4bdc2ded0b8b457b"},"count":2},{"type":"giveItem","item":{"id":"5648a69d4bdc2ded0b8b457b"},"count":2}]},{"id":"63a9b229813bba58a50c9ee5","name":"Worst Job in the World","trader":{"name":"Peacekeeper"},"objectives":[{"type":"shoot"}]},{"id":"639135e8c115f907b14700aa","name":"Surveillance","trader":{"name":"Mechanic"},"objectives":[{"type":"findQuestItem"},{"type":"giveQuestItem"}]},{"id":"5ae4499a86f77449783815db","name":"Charisma Brings Success","trader":{"name":"Ragman"},"objectives":[{"type":"skill"}]},{"id":"5b47876e86f7744d1c353205","name":"The Blood of War - Part 2","trader":{"name":"Ragman"},"objectives":[{"type":"findItem","item":{"id":"5b43575a86f77424f443fe62"},"count":4},{"type":"giveItem","item":{"id":"5b43575a86f77424f443fe62"},"count":4}]},{"id":"63a9ae24009ffc6a551631a5","name":"Best Job in the World","trader":{"name":"Prapor"},"objectives":[{"type":"shoot"}]},{"id":"639135bbc115f907b14700a6","name":"Audiophile","trader":{"name":"Ragman"},"objectives":[{"type":"visit"},{"type":"findQuestItem"},{"type":"giveQuestItem"}]},{"id":"5ae4498786f7744bde357695","name":"The Key to Success","trader":{"name":"Ragman"},"objectives":[{"type":"findQuestItem"},{"type":"giveQuestItem"},{"type":"findQuestItem"},{"type":"giveQuestItem"}]},{"id":"5ae449a586f7744bde357696","name":"No Fuss Needed","trader":{"name":"Ragman"},"objectives":[{"type":"traderLevel"}]},{"id":"6391372c8ba6894d155e77d7","name":"Broadcast - Part 4","trader":{"name":"Jaeger"},"objectives":[{"type":"visit"},{"type":"extract"}]},{"id":"5b4795fb86f7745876267770","name":"Chumming","trader":{"name":"Skier"},"objectives":[{"type":"plantItem","item":{"id":"5734758f24597738025ee253"},"count":3},{"type":"plantItem","item":{"id":"5734758f24597738025ee253"},"count":3},{"type":"plantItem","item":{"id":"5734758f24597738025ee253"},"count":3},{"type":"shoot"}]},{"id":"639872fe8871e1272b10ccf6","name":"Gunsmith - Part 14","trader":{"name":"Mechanic"},"objectives":[{"type":"buildWeapon"}]},{"id":"64ee99639878a0569d6ec8c9","name":"Broadcast - Part 5","trader":{"name":"Jaeger"},"objectives":[{"type":"shoot"},{"type":"visit"},{"type":"plantItem","item":{"id":"5fc64ea372b0dd78d51159dc"},"count":1},{"type":"extract"}]},{"id":"5b47891f86f7744d1b23c571","name":"Living High is Not a Crime - Part 1","trader":{"name":"Ragman"},"objectives":[{"type":"findItem","item":{"id":"59e3639286f7741777737013"},"count":2},{"type":"giveItem","item":{"id":"59e3639286f7741777737013"},"count":2},{"type":"findItem","item":{"id":"573478bc24597738002c6175"},"count":2},{"type":"giveItem","item":{"id":"573478bc24597738002c6175"},"count":2},{"type":"findItem","item":{"id":"59e3658a86f7741776641ac4"},"count":1},{"type":"giveItem","item":{"id":"59e3658a86f7741776641ac4"},"count":1},{"type":"findItem","item":{"id":"59faf7ca86f7740dbe19f6c2"},"count":1},{"type":"giveItem","item":{"id":"59faf7ca86f7740dbe19f6c2"},"count":1},{"type":"findItem","item":{"id":"62a09cfe4f842e1bd12da3e4"},"count":1},{"type":"giveItem","item":{"id":"62a09cfe4f842e1bd12da3e4"},"count":1}]},{"id":"5d25e4ad86f77443e625e387","name":"Nostalgia","trader":{"name":"Jaeger"},"objectives":[{"type":"visit"},{"type":"findQuestItem"},{"type":"giveQuestItem"}]},{"id":"5d25e4b786f77408251c4bfc","name":"Fishing Place","trader":{"name":"Jaeger"},"objectives":[{"type":"findItem","item":{"id":"5c94bbff86f7747ee735c08f"},"count":2},{"type":"giveItem","item":{"id":"5c94bbff86f7747ee735c08f"},"count":2}]},{"id":"5b478b1886f7744d1b23c57d","name":"Hot Delivery","trader":{"name":"Ragman"},"objectives":[{"type":"plantItem","item":{"id":"5645bcc04bdc2d363b8b4572"},"count":2},{"type":"plantItem","item":{"id":"5a7c4850e899ef00150be885"},"count":2},{"type":"plantItem","item":{"id":"5ab8e79e86f7742d8b372e78"},"count":2}]},{"id":"5ae3280386f7742a41359364","name":"Gunsmith - Part 15","trader":{"name":"Mechanic"},"objectives":[{"type":"buildWeapon"}]},{"id":"5c112d7e86f7740d6f647486","name":"Scavenger","trader":{"name":"Ragman"},"objectives":[{"type":"skill"}]},{"id":"64edbb1317ab941a6f7cc247","name":"Out of Time","trader":{"name":"Ragman"},"objectives":[{"type":"findQuestItem"},{"type":"giveQuestItem"},{"type":"findQuestItem"},{"type":"giveQuestItem"},{"type":"findQuestItem"},{"type":"giveQuestItem"},{"type":"findQuestItem"},{"type":"giveQuestItem"},{"type":"findQuestItem"},{"type":"giveQuestItem"},{"type":"findQuestItem"},{"type":"giveQuestItem"},{"type":"findQuestItem"},{"type":"giveQuestItem"},{"type":"findQuestItem"},{"type":"giveQuestItem"},{"type":"findQuestItem"},{"type":"giveQuestItem"},{"type":"findQuestItem"},{"type":"giveQuestItem"},{"type":"findQuestItem"},{"type":"giveQuestItem"},{"type":"findQuestItem"},{"type":"giveQuestItem"}]},{"id":"5c0d0d5086f774363760aef2","name":"Athlete","trader":{"name":"Therapist"},"objectives":[{"type":"skill"}]},{"id":"6179b5eabca27a099552e052","name":"Counteraction","trader":{"name":"Peacekeeper"},"objectives":[{"type":"shoot"},{"type":"giveItem","item":{"id":"59f32bb586f774757e1e8442"},"count":20}]},{"id":"5c1128e386f7746565181106","name":"Fertilizers","trader":{"name":"Mechanic"},"objectives":[{"type":"findItem","item":{"id":"5c06779c86f77426e00dd782"},"count":5},{"type":"findItem","item":{"id":"5c06782b86f77426df5407d2"},"count":5},{"type":"giveItem","item":{"id":"5c06779c86f77426e00dd782"},"count":5},{"type":"giveItem","item":{"id":"5c06782b86f77426df5407d2"},"count":5}]},{"id":"5ae449c386f7744bde357697","name":"Sales Night","trader":{"name":"Ragman"},"objectives":[{"type":"extract"}]},{"id":"5c0bd94186f7747a727f09b2","name":"Test Drive - Part 1","trader":{"name":"Prapor"},"objectives":[{"type":"shoot"}]},{"id":"6179b4f16e9dd54ac275e407","name":"Missing Cargo","trader":{"name":"Skier"},"objectives":[{"type":"visit"},{"type":"findQuestItem"},{"type":"giveQuestItem"}]},{"id":"5d25e45e86f77408251c4bfa","name":"The Huntsman Path - Eraser - Part 2","trader":{"name":"Jaeger"},"objectives":[{"type":"shoot"}]},{"id":"5c0d0f1886f77457b8210226","name":"Lend-Lease - Part 2","trader":{"name":"Peacekeeper"},"objectives":[{"type":"findItem","item":{"id":"5c05308086f7746b2101e90b"},"count":2},{"type":"findItem","item":{"id":"5c052f6886f7746b1e3db148"},"count":1},{"type":"giveItem","item":{"id":"5c05308086f7746b2101e90b"},"count":2},{"type":"giveItem","item":{"id":"5c052f6886f7746b1e3db148"},"count":1}]},{"id":"5c10f94386f774227172c572","name":"The Blood of War - Part 3","trader":{"name":"Ragman"},"objectives":[{"type":"mark"},{"type":"mark"},{"type":"mark"},{"type":"extract"}]},{"id":"5c0bc91486f7746ab41857a2","name":"Silent Caliber","trader":{"name":"Skier"},"objectives":[{"type":"shoot"},{"type":"shoot"}]},{"id":"5ac242ab86f77412464f68b4","name":"Gunsmith - Part 16","trader":{"name":"Mechanic"},"objectives":[{"type":"buildWeapon"}]},{"id":"5c0bbaa886f7746941031d82","name":"Bullshit","trader":{"name":"Skier"},"objectives":[{"type":"findQuestItem"},{"type":"plantItem","item":{"id":"55801eed4bdc2d89578b4588"},"count":1},{"type":"plantItem","item":{"id":"59faf7ca86f7740dbe19f6c2"},"count":1},{"type":"plantQuestItem"}]},{"id":"5c0d4c12d09282029f539173","name":"Peacekeeping Mission","trader":{"name":"Peacekeeper"},"objectives":[{"type":"shoot"},{"type":"shoot"},{"type":"shoot"},{"type":"shoot"},{"type":"shoot"}]},{"id":"5c1234c286f77406fa13baeb","name":"Setup","trader":{"name":"Skier"},"objectives":[{"type":"shoot"}]},{"id":"63a5cf262964a7488f5243ce","name":"Test Drive - Part 2","trader":{"name":"Prapor"},"objectives":[{"type":"shoot"}]},{"id":"64f5deac39e45b527a7c4232","name":"Test Drive - Part 3","trader":{"name":"Prapor"},"objectives":[{"type":"shoot"}]},{"id":"5d25e2e286f77444001e2e48","name":"The Huntsman Path - Sellout","trader":{"name":"Jaeger"},"objectives":[{"type":"shoot"},{"type":"findItem","item":{"id":"5c0e874186f7745dc7616606"},"count":1},{"type":"giveItem","item":{"id":"5c0e874186f7745dc7616606"},"count":1}]},{"id":"5dc53acb86f77469c740c893","name":"The Stylish One","trader":{"name":"Ragman"},"objectives":[{"type":"shoot"}]},{"id":"5c1141f386f77430ff393792","name":"Living High is Not a Crime - Part 2","trader":{"name":"Ragman"},"objectives":[{"type":"findItem","item":{"id":"590de71386f774347051a052"},"count":3},{"type":"findItem","item":{"id":"590de7e986f7741b096e5f32"},"count":2},{"type":"findItem","item":{"id":"62a091170b9d3c46de5b6cf2"},"count":1},{"type":"findItem","item":{"id":"5e54f62086f774219b0f1937"},"count":2},{"type":"giveItem","item":{"id":"590de71386f774347051a052"},"count":3},{"type":"giveItem","item":{"id":"590de7e986f7741b096e5f32"},"count":2},{"type":"giveItem","item":{"id":"62a091170b9d3c46de5b6cf2"},"count":1},{"type":"giveItem","item":{"id":"5e54f62086f774219b0f1937"},"count":2}]},{"id":"639dbaf17c898a131e1cffff","name":"Debtor","trader":{"name":"Skier"},"objectives":[{"type":"visit"},{"type":"extract"}]},{"id":"5b47749f86f7746c5d6a5fd4","name":"Gunsmith - Part 17","trader":{"name":"Mechanic"},"objectives":[{"type":"buildWeapon"}]},{"id":"5d25e4ca86f77409dd5cdf2c","name":"Hunting Trip","trader":{"name":"Jaeger"},"objectives":[{"type":"shoot"}]},{"id":"600302d73b897b11364cd161","name":"Hunter","trader":{"name":"Jaeger"},"objectives":[{"type":"shoot"}]},{"id":"5b477b6f86f7747290681823","name":"Gunsmith - Part 18","trader":{"name":"Mechanic"},"objectives":[{"type":"buildWeapon"}]},{"id":"639135c3744e452011470807","name":"House Arrest - Part 1","trader":{"name":"Skier"},"objectives":[{"type":"visit"},{"type":"extract"}]},{"id":"639135cd8ba6894d155e77cb","name":"House Arrest - Part 2","trader":{"name":"Skier"},"objectives":[{"type":"visit"},{"type":"visit"},{"type":"extract"}]},{"id":"5c0be5fc86f774467a116593","name":"Private Clinic","trader":{"name":"Therapist"},"objectives":[{"type":"findItem","item":{"id":"5af0534a86f7743b6f354284"},"count":1},{"type":"findItem","item":{"id":"5c0530ee86f774697952d952"},"count":1},{"type":"giveItem","item":{"id":"5af0534a86f7743b6f354284"},"count":1},{"type":"giveItem","item":{"id":"5c0530ee86f774697952d952"},"count":1}]},{"id":"639135534b15ca31f76bc317","name":"Your Car Needs a Service","trader":{"name":"Peacekeeper"},"objectives":[{"type":"findQuestItem"},{"type":"giveQuestItem"}]},{"id":"5c0be13186f7746f016734aa","name":"Psycho Sniper","trader":{"name":"Mechanic"},"objectives":[{"type":"skill"},{"type":"shoot"}]},{"id":"5c139eb686f7747878361a6f","name":"Import","trader":{"name":"Mechanic"},"objectives":[{"type":"findItem","item":{"id":"5c052fb986f7746b2101e909"},"count":1},{"type":"findItem","item":{"id":"5c05300686f7746dce784e5d"},"count":1},{"type":"giveItem","item":{"id":"5c052fb986f7746b2101e909"},"count":1},{"type":"giveItem","item":{"id":"5c05300686f7746dce784e5d"},"count":1}]},{"id":"5c12452c86f7744b83469073","name":"Perfect Mediator","trader":{"name":"Prapor"},"objectives":[{"type":"traderLevel"},{"type":"traderLevel"},{"type":"traderLevel"},{"type":"traderLevel"},{"type":"traderLevel"},{"type":"traderLevel"}]},{"id":"5c0bdb5286f774166e38eed4","name":"Flint","trader":{"name":"Skier"},"objectives":[{"type":"skill"}]},{"id":"625d6ffaf7308432be1d44c5","name":"Network Provider - Part 2","trader":{"name":"Mechanic"},"objectives":[{"type":"mark"},{"type":"mark"},{"type":"mark"},{"type":"mark"}]},{"id":"625d6ffcaa168e51321d69d7","name":"Assessment - Part 1","trader":{"name":"Mechanic"},"objectives":[{"type":"shoot"}]},{"id":"625d6fff4149f1149b5b12c9","name":"Assessment - Part 2","trader":{"name":"Mechanic"},"objectives":[{"type":"mark"},{"type":"mark"},{"type":"mark"},{"type":"mark"}]},{"id":"625d7001c4874104f230c0c5","name":"Assessment - Part 3","trader":{"name":"Mechanic"},"objectives":[{"type":"shoot"},{"type":"giveItem","item":{"id":"5c0e531286f7747fa54205c2"},"count":20},{"type":"giveItem","item":{"id":"5c0e531d86f7747fa23f4d42"},"count":8},{"type":"giveItem","item":{"id":"5fca13ca637ee0341a484f46"},"count":2}]},{"id":"625d70031ed3bb5bcc5bd9e5","name":"Key to the Tower","trader":{"name":"Mechanic"},"objectives":[{"type":"giveItem","item":{"id":"59e366c186f7741778269d85"},"count":2},{"type":"giveItem","item":{"id":"5734795124597738002c6176"},"count":1},{"type":"giveItem","item":{"id":"5d0376a486f7747d8050965c"},"count":2},{"type":"giveItem","item":{"id":"5c052f6886f7746b1e3db148"},"count":1},{"type":"giveItem","item":{"id":"5d1b304286f774253763a528"},"count":1},{"type":"findQuestItem"},{"type":"giveQuestItem"}]},{"id":"625d7005a4eb80027c4f2e09","name":"Knock-Knock","trader":{"name":"Mechanic"},"objectives":[{"type":"visit"},{"type":"extract"}]},{"id":"625d700cc48e6c62a440fab5","name":"Getting Acquainted","trader":{"name":"Mechanic"},"objectives":[{"type":"findQuestItem"},{"type":"findItem","item":{"id":"62e910aaf957f2915e0a5e36"},"count":1},{"type":"giveQuestItem"},{"type":"visit"}]},{"id":"626148251ed3bb5bcc5bd9ed","name":"Make Amends - Buyout","trader":{"name":"Mechanic"},"objectives":[{"type":"giveItem","item":{"id":"5449016a4bdc2d6f028b456f"},"count":1000000}]},{"id":"6261482fa4eb80027c4f2e11","name":"Make Amends - Equipment","trader":{"name":"Mechanic"},"objectives":[{"type":"giveItem","item":{"id":"5c46fbd72e2216398b5a8c9c"},"count":4}]},{"id":"6391d90f4ed9512be67647df","name":"Make Amends","trader":{"name":"Mechanic"},"objectives":[{"type":"findQuestItem"},{"type":"findItem","item":{"id":"62e910aaf957f2915e0a5e36"},"count":1},{"type":"giveQuestItem"},{"type":"visit"}]},{"id":"63966faeea19ac7ed845db2c","name":"Information Source","trader":{"name":"Lightkeeper"},"objectives":[{"type":"extract"},{"type":"extract"},{"type":"extract"},{"type":"extract"},{"type":"mark"},{"type":"mark"}]},{"id":"63966fbeea19ac7ed845db2e","name":"Missing Informant","trader":{"name":"Lightkeeper"},"objectives":[{"type":"visit"},{"type":"visit"},{"type":"findQuestItem"},{"type":"giveQuestItem"},{"type":"findItem","item":{"id":"6398fd8ad3de3849057f5128"},"count":1}]},{"id":"63966fccac6f8f3c677b9d89","name":"Snatch","trader":{"name":"Lightkeeper"},"objectives":[{"type":"extract"},{"type":"findQuestItem"},{"type":"findQuestItem"},{"type":"plantQuestItem"},{"type":"giveQuestItem"}]},{"id":"63966fd9ea19ac7ed845db30","name":"Payback","trader":{"name":"Lightkeeper"},"objectives":[{"type":"shoot"},{"type":"shoot"},{"type":"useItem"},{"type":"extract"}]},{"id":"63966fe7ea74a47c2d3fc0e6","name":"Return the Favor","trader":{"name":"Lightkeeper"},"objectives":[{"type":"shoot"},{"type":"plantItem","item":{"id":"6389c8c5dbfd5e4b95197e6b"},"count":1},{"type":"plantItem","item":{"id":"6389c8c5dbfd5e4b95197e6b"},"count":1}]},{"id":"63966ff54c3ef01b6f3ffad8","name":"Provocation","trader":{"name":"Lightkeeper"},"objectives":[{"type":"shoot"},{"type":"plantItem","item":{"id":"635a758bfefc88a93f021b8a"},"count":1},{"type":"plantItem","item":{"id":"5d1b376e86f774252519444e"},"count":1},{"type":"plantItem","item":{"id":"5c13cef886f774072e618e82"},"count":1},{"type":"extract"}]},{"id":"639670029113f06a7c3b2377","name":"Following the Bread Crumbs","trader":{"name":"Lightkeeper"},"objectives":[{"type":"shoot"},{"type":"visit"},{"type":"visit"},{"type":"findQuestItem"},{"type":"giveQuestItem"}]},{"id":"6396700fea19ac7ed845db32","name":"Spotter","trader":{"name":"Lightkeeper"},"objectives":[{"type":"visit"},{"type":"plantItem","item":{"id":"62811fa609427b40ab14e765"},"count":1},{"type":"visit"},{"type":"plantItem","item":{"id":"5a1eaa87fcdbcb001865f75e"},"count":1},{"type":"extract"}]},{"id":"6396701b9113f06a7c3b2379","name":"Make an Impression","trader":{"name":"Lightkeeper"},"objectives":[{"type":"skill"},{"type":"shoot"}]},{"id":"63967028c4a91c5cb76abd81","name":"Trouble in the Big City","trader":{"name":"Lightkeeper"},"objectives":[{"type":"visit"},{"type":"shoot"},{"type":"mark"},{"type":"useItem"},{"type":"extract"}]},{"id":"64f1cc571a5f313cb144bf90","name":"Overseas Trust - Part 1","trader":{"name":"Lightkeeper"},"objectives":[{"type":"shoot"},{"type":"shoot"},{"type":"shoot"},{"type":"shoot"},{"type":"shoot"},{"type":"shoot"}]},{"id":"64f1d6e732bed22c3e0c7423","name":"Overseas Trust - Part 2","trader":{"name":"Ragman"},"objectives":[{"type":"giveItem","item":{"id":"5696686a4bdc2da3298b456a"},"count":50000}]},{"id":"626148334149f1149b5b12ca","name":"Make Amends - Security","trader":{"name":"Mechanic"},"objectives":[{"type":"plantItem","item":{"id":"5b4391a586f7745321235ab2"},"count":1},{"type":"plantItem","item":{"id":"5b4391a586f7745321235ab2"},"count":1},{"type":"plantItem","item":{"id":"5b4391a586f7745321235ab2"},"count":1},{"type":"plantItem","item":{"id":"5b4391a586f7745321235ab2"},"count":1}]},{"id":"62614836f7308432be1d44cc","name":"Make Amends - Sweep Up","trader":{"name":"Mechanic"},"objectives":[{"type":"shoot"}]},{"id":"5c0d1c4cd0928202a02a6f5c","name":"Decontamination Service","trader":{"name":"Therapist"},"objectives":[{"type":"shoot"}]},{"id":"626bdcc3a371ee3a7a3514c5","name":"Stray Dogs","trader":{"name":"Jaeger"},"objectives":[{"type":"shoot"},{"type":"shoot"},{"type":"shoot"}]},{"id":"626bd75d5bef5d7d590bd415","name":"Top Secret","trader":{"name":"Skier"},"objectives":[{"type":"visit"},{"type":"findQuestItem"},{"type":"giveQuestItem"}]},{"id":"625d6ff5ddc94657c21a1625","name":"Network Provider - Part 1","trader":{"name":"Mechanic"},"objectives":[{"type":"giveItem","item":{"id":"6389c70ca33d8c4cdf4932c6"},"count":4},{"type":"giveItem","item":{"id":"5c052f6886f7746b1e3db148"},"count":4},{"type":"giveItem","item":{"id":"590a3efd86f77437d351a25b"},"count":4},{"type":"giveItem","item":{"id":"56742c324bdc2d150f8b456d"},"count":4}]},{"id":"639873003693c63d86328f25","name":"Gunsmith - Part 19","trader":{"name":"Mechanic"},"objectives":[{"type":"buildWeapon"}]},{"id":"5b477f7686f7744d1b23c4d2","name":"Gunsmith - Part 20","trader":{"name":"Mechanic"},"objectives":[{"type":"buildWeapon"}]},{"id":"63987301e11ec11ff5504036","name":"Gunsmith - Part 21","trader":{"name":"Mechanic"},"objectives":[{"type":"buildWeapon"},{"type":"buildWeapon"}]},{"id":"5b47825886f77468074618d3","name":"Gunsmith - Part 22","trader":{"name":"Mechanic"},"objectives":[{"type":"buildWeapon"}]},{"id":"64f83bb69878a0569d6ecfbe","name":"Gunsmith - Part 23","trader":{"name":"Mechanic"},"objectives":[{"type":"buildWeapon"}]},{"id":"64f83bcdde58fc437700d8fa","name":"Gunsmith - Part 24","trader":{"name":"Mechanic"},"objectives":[{"type":"buildWeapon"}]},{"id":"64f83bd983cfca080a362c82","name":"Gunsmith - Part 25","trader":{"name":"Mechanic"},"objectives":[{"type":"buildWeapon"}]},{"id":"5c0d4e61d09282029f53920e","name":"The Guide","trader":{"name":"Peacekeeper"},"objectives":[{"type":"extract"},{"type":"extract"},{"type":"extract"},{"type":"extract"},{"type":"extract"},{"type":"extract"},{"type":"extract"},{"type":"extract"},{"type":"extract"}]},{"id":"63a9b36cc31b00242d28a99f","name":"Slaughterhouse","trader":{"name":"Jaeger"},"objectives":[{"type":"shoot"},{"type":"shoot"},{"type":"shoot"},{"type":"shoot"},{"type":"shoot"},{"type":"shoot"},{"type":"shoot"},{"type":"shoot"}]},{"id":"5ae449d986f774453a54a7e1","name":"Supervisor","trader":{"name":"Ragman"},"objectives":[{"type":"findItem","item":{"id":"5ad7247386f7747487619dc3"},"count":1},{"type":"giveItem","item":{"id":"5ad7247386f7747487619dc3"},"count":1}]},{"id":"60e71b9bbd90872cb85440f3","name":"Capturing Outposts","trader":{"name":"Prapor"},"objectives":[{"type":"shoot"},{"type":"shoot"},{"type":"shoot"}]},{"id":"5e381b0286f77420e3417a74","name":"Textile - Part 1","trader":{"name":"Ragman"},"objectives":[{"type":"findItem","item":{"id":"5e2af4d286f7746d4159f07a"},"count":5},{"type":"giveItem","item":{"id":"5e2af4d286f7746d4159f07a"},"count":5},{"type":"findItem","item":{"id":"5e2af4a786f7746d3f3c3400"},"count":10},{"type":"giveItem","item":{"id":"5e2af4a786f7746d3f3c3400"},"count":10},{"type":"findItem","item":{"id":"5c12688486f77426843c7d32"},"count":3},{"type":"giveItem","item":{"id":"5c12688486f77426843c7d32"},"count":3}]},{"id":"5e383a6386f77465910ce1f3","name":"Textile - Part 1","trader":{"name":"Ragman"},"objectives":[{"type":"findItem","item":{"id":"5e2af4d286f7746d4159f07a"},"count":5},{"type":"giveItem","item":{"id":"5e2af4d286f7746d4159f07a"},"count":5},{"type":"findItem","item":{"id":"5e2af4a786f7746d3f3c3400"},"count":10},{"type":"giveItem","item":{"id":"5e2af4a786f7746d3f3c3400"},"count":10},{"type":"findItem","item":{"id":"5c12688486f77426843c7d32"},"count":3},{"type":"giveItem","item":{"id":"5c12688486f77426843c7d32"},"count":3}]},{"id":"5e4d4ac186f774264f758336","name":"Textile - Part 2","trader":{"name":"Ragman"},"objectives":[{"type":"findItem","item":{"id":"5e2af47786f7746d404f3aaa"},"count":10},{"type":"giveItem","item":{"id":"5e2af47786f7746d404f3aaa"},"count":10},{"type":"findItem","item":{"id":"5e2af41e86f774755a234b67"},"count":10},{"type":"giveItem","item":{"id":"5e2af41e86f774755a234b67"},"count":10},{"type":"findItem","item":{"id":"5e2af29386f7746d4159f077"},"count":5},{"type":"giveItem","item":{"id":"5e2af29386f7746d4159f077"},"count":5}]},{"id":"5e4d515e86f77438b2195244","name":"Textile - Part 2","trader":{"name":"Ragman"},"objectives":[{"type":"findItem","item":{"id":"5e2af47786f7746d404f3aaa"},"count":10},{"type":"giveItem","item":{"id":"5e2af47786f7746d404f3aaa"},"count":10},{"type":"findItem","item":{"id":"5e2af41e86f774755a234b67"},"count":10},{"type":"giveItem","item":{"id":"5e2af41e86f774755a234b67"},"count":10},{"type":"findItem","item":{"id":"5e2af29386f7746d4159f077"},"count":5},{"type":"giveItem","item":{"id":"5e2af29386f7746d4159f077"},"count":5}]},{"id":"60e71bb4e456d449cd47ca75","name":"Intimidator","trader":{"name":"Prapor"},"objectives":[{"type":"shoot"}]},{"id":"60e71c9ad54b755a3b53eb66","name":"The Cleaner","trader":{"name":"Peacekeeper"},"objectives":[{"type":"shoot"}]},{"id":"60e71dc0a94be721b065bbfc","name":"Long Line","trader":{"name":"Ragman"},"objectives":[{"type":"shoot"}]},{"id":"60e71d23c1bfa3050473b8e6","name":"Calibration","trader":{"name":"Mechanic"},"objectives":[{"type":"shoot"}]},{"id":"60e71c48c1bfa3050473b8e5","name":"Crisis","trader":{"name":"Therapist"},"objectives":[{"type":"findItem","item":{"id":"5c052e6986f7746b207bc3c9"},"count":3},{"type":"findItem","item":{"id":"5af0534a86f7743b6f354284"},"count":3},{"type":"findItem","item":{"id":"5c0530ee86f774697952d952"},"count":2},{"type":"findItem","item":{"id":"5d1b3a5d86f774252167ba22"},"count":20},{"type":"findItem","item":{"id":"62a0a043cf4a99369e2624a5"},"count":10},{"type":"giveItem","item":{"id":"5c052e6986f7746b207bc3c9"},"count":3},{"type":"giveItem","item":{"id":"5af0534a86f7743b6f354284"},"count":3},{"type":"giveItem","item":{"id":"5c0530ee86f774697952d952"},"count":2},{"type":"giveItem","item":{"id":"5d1b3a5d86f774252167ba22"},"count":20},{"type":"giveItem","item":{"id":"62a0a043cf4a99369e2624a5"},"count":10}]},{"id":"5c51aac186f77432ea65c552","name":"Collector","trader":{"name":"Fence"},"objectives":[{"type":"findItem","item":{"id":"5bc9c377d4351e3bac12251b"},"count":1},{"type":"giveItem","item":{"id":"5bc9c377d4351e3bac12251b"},"count":1},{"type":"findItem","item":{"id":"5bc9c1e2d4351e00367fbcf0"},"count":1},{"type":"giveItem","item":{"id":"5bc9c1e2d4351e00367fbcf0"},"count":1},{"type":"findItem","item":{"id":"5bc9c049d4351e44f824d360"},"count":1},{"type":"giveItem","item":{"id":"5bc9c049d4351e44f824d360"},"count":1},{"type":"findItem","item":{"id":"5bc9b355d4351e6d1509862a"},"count":1},{"type":"giveItem","item":{"id":"5bc9b355d4351e6d1509862a"},"count":1},{"type":"findItem","item":{"id":"5bc9bc53d4351e00367fbcee"},"count":1},{"type":"giveItem","item":{"id":"5bc9bc53d4351e00367fbcee"},"count":1},{"type":"findItem","item":{"id":"5bc9bdb8d4351e003562b8a1"},"count":1},{"type":"giveItem","item":{"id":"5bc9bdb8d4351e003562b8a1"},"count":1},{"type":"findItem","item":{"id":"5bc9b9ecd4351e3bac122519"},"count":1},{"type":"giveItem","item":{"id":"5bc9b9ecd4351e3bac122519"},"count":1},{"type":"findItem","item":{"id":"5bc9b720d4351e450201234b"},"count":1},{"type":"giveItem","item":{"id":"5bc9b720d4351e450201234b"},"count":1},{"type":"findItem","item":{"id":"5bc9b156d4351e00367fbce9"},"count":1},{"type":"giveItem","item":{"id":"5bc9b156d4351e00367fbce9"},"count":1},{"type":"findItem","item":{"id":"5bc9c29cd4351e003562b8a3"},"count":1},{"type":"giveItem","item":{"id":"5bc9c29cd4351e003562b8a3"},"count":1},{"type":"findItem","item":{"id":"5bd073a586f7747e6f135799"},"count":1},{"type":"giveItem","item":{"id":"5bd073a586f7747e6f135799"},"count":1},{"type":"findItem","item":{"id":"5bd073c986f7747f627e796c"},"count":1},{"type":"giveItem","item":{"id":"5bd073c986f7747f627e796c"},"count":1},{"type":"findItem","item":{"id":"5e54f62086f774219b0f1937"},"count":1},{"type":"giveItem","item":{"id":"5e54f62086f774219b0f1937"},"count":1},{"type":"findItem","item":{"id":"5e54f79686f7744022011103"},"count":1},{"type":"giveItem","item":{"id":"5e54f79686f7744022011103"},"count":1},{"type":"findItem","item":{"id":"5e54f76986f7740366043752"},"count":1},{"type":"giveItem","item":{"id":"5e54f76986f7740366043752"},"count":1},{"type":"findItem","item":{"id":"5e54f6af86f7742199090bf3"},"count":1},{"type":"giveItem","item":{"id":"5e54f6af86f7742199090bf3"},"count":1},{"type":"findItem","item":{"id":"5bc9be8fd4351e00334cae6e"},"count":1},{"type":"giveItem","item":{"id":"5bc9be8fd4351e00334cae6e"},"count":1},{"type":"findItem","item":{"id":"5f745ee30acaeb0d490d8c5b"},"count":1},{"type":"giveItem","item":{"id":"5f745ee30acaeb0d490d8c5b"},"count":1},{"type":"findItem","item":{"id":"60b0f988c4449e4cb624c1da"},"count":1},{"type":"giveItem","item":{"id":"60b0f988c4449e4cb624c1da"},"count":1},{"type":"findItem","item":{"id":"60b0f93284c20f0feb453da7"},"count":1},{"type":"giveItem","item":{"id":"60b0f93284c20f0feb453da7"},"count":1},{"type":"findItem","item":{"id":"60b0f7057897d47c5b04ab94"},"count":1},{"type":"giveItem","item":{"id":"60b0f7057897d47c5b04ab94"},"count":1},{"type":"giveItem","item":{"id":"5fd8d28367cb5e077335170f"},"count":1},{"type":"findItem","item":{"id":"5fd8d28367cb5e077335170f"},"count":1},{"type":"findItem","item":{"id":"60b0f6c058e0b0481a09ad11"},"count":1},{"type":"giveItem","item":{"id":"60b0f6c058e0b0481a09ad11"},"count":1},{"type":"findItem","item":{"id":"60b0f561c4449e4cb624c1d7"},"count":1},{"type":"giveItem","item":{"id":"60b0f561c4449e4cb624c1d7"},"count":1},{"type":"giveItem","item":{"id":"62a09ec84f842e1bd12da3f2"},"count":1},{"type":"giveItem","item":{"id":"62a09e974f842e1bd12da3f0"},"count":1},{"type":"giveItem","item":{"id":"62a09e73af34e73a266d932a"},"count":1},{"type":"giveItem","item":{"id":"62a09e410b9d3c46de5b6e78"},"count":1},{"type":"giveItem","item":{"id":"62a09e08de7ac81993580532"},"count":1},{"type":"giveItem","item":{"id":"62a09dd4621468534a797ac7"},"count":1},{"type":"giveItem","item":{"id":"62a09d79de7ac81993580530"},"count":1},{"type":"giveItem","item":{"id":"62a09d3bcf4a99369e262447"},"count":1},{"type":"giveItem","item":{"id":"62a09cfe4f842e1bd12da3e4"},"count":1},{"type":"giveItem","item":{"id":"62a09cb7a04c0c5c6e0a84f8"},"count":1},{"type":"giveItem","item":{"id":"62a091170b9d3c46de5b6cf2"},"count":1},{"type":"giveItem","item":{"id":"62a08f4c4f842e1bd12d9d62"},"count":1}]},{"id":"60e71c11d54b755a3b53eb65","name":"Night Sweep","trader":{"name":"Skier"},"objectives":[{"type":"findItem","item":{"id":"5fc64ea372b0dd78d51159dc"},"count":12},{"type":"giveItem","item":{"id":"5fc64ea372b0dd78d51159dc"},"count":12}]},{"id":"60effd818b669d08a35bfad5","name":"The Choice","trader":{"name":"Fence"},"objectives":[{"type":"giveItem","item":{"id":"59db794186f77448bc595262"},"count":1}]},{"id":"60e729cf5698ee7b05057439","name":"Swift One","trader":{"name":"Jaeger"},"objectives":[{"type":"shoot"}]},{"id":"60e71dc67fcf9c556f325056","name":"Booze","trader":{"name":"Ragman"},"objectives":[{"type":"findItem","item":{"id":"5d40407c86f774318526545a"},"count":10},{"type":"findItem","item":{"id":"5d403f9186f7743cac3f229b"},"count":10},{"type":"findItem","item":{"id":"5d1b33a686f7742523398398"},"count":3},{"type":"findItem","item":{"id":"62a09f32621468534a797acb"},"count":20},{"type":"giveItem","item":{"id":"5d40407c86f774318526545a"},"count":10},{"type":"giveItem","item":{"id":"5d403f9186f7743cac3f229b"},"count":10},{"type":"giveItem","item":{"id":"5d1b33a686f7742523398398"},"count":3},{"type":"giveItem","item":{"id":"62a09f32621468534a797acb"},"count":20}]},{"id":"60e71d6d7fcf9c556f325055","name":"The Courier","trader":{"name":"Mechanic"},"objectives":[{"type":"plantItem","item":{"id":"5a1eaa87fcdbcb001865f75e"},"count":1},{"type":"plantItem","item":{"id":"5a1eaa87fcdbcb001865f75e"},"count":1}]},{"id":"60e71ccb5688f6424c7bfec4","name":"Trophies","trader":{"name":"Peacekeeper"},"objectives":[{"type":"giveItem","item":{"id":"59f32bb586f774757e1e8442"},"count":20},{"type":"giveItem","item":{"id":"59f32c3b86f77472a31742f0"},"count":20}]},{"id":"60e71b62a0beca400d69efc4","name":"Escort","trader":{"name":"Prapor"},"objectives":[{"type":"shoot"},{"type":"shoot"},{"type":"shoot"},{"type":"shoot"},{"type":"shoot"},{"type":"shoot"},{"type":"shoot"}]},{"id":"60e71ce009d7c801eb0c0ec6","name":"Special Equipment","trader":{"name":"Peacekeeper"},"objectives":[{"type":"findItem","item":{"id":"5c05300686f7746dce784e5d"},"count":5},{"type":"findItem","item":{"id":"5c052fb986f7746b2101e909"},"count":5},{"type":"findItem","item":{"id":"5c05308086f7746b2101e90b"},"count":5},{"type":"findItem","item":{"id":"5c052f6886f7746b1e3db148"},"count":5},{"type":"findItem","item":{"id":"62a0a16d0b9d3c46de5b6e97"},"count":4},{"type":"giveItem","item":{"id":"5c05300686f7746dce784e5d"},"count":5},{"type":"giveItem","item":{"id":"5c052fb986f7746b2101e909"},"count":5},{"type":"giveItem","item":{"id":"5c05308086f7746b2101e90b"},"count":5},{"type":"giveItem","item":{"id":"5c052f6886f7746b1e3db148"},"count":5},{"type":"giveItem","item":{"id":"62a0a16d0b9d3c46de5b6e97"},"count":4}]},{"id":"60e71e8ed54b755a3b53eb67","name":"The Huntsman Path - Relentless","trader":{"name":"Jaeger"},"objectives":[{"type":"shoot"},{"type":"shoot"},{"type":"shoot"},{"type":"shoot"},{"type":"shoot"},{"type":"shoot"}]},{"id":"61e6e5e0f5b9633f6719ed95","name":"Compensation for Damage - Trust","trader":{"name":"Fence"},"objectives":[{"type":"giveItem","item":{"id":"59f32bb586f774757e1e8442"},"count":5},{"type":"giveItem","item":{"id":"59f32c3b86f77472a31742f0"},"count":5}]},{"id":"61e6e60223374d168a4576a6","name":"Compensation for Damage - Wager","trader":{"name":"Fence"},"objectives":[{"type":"shoot"}]},{"id":"61e6e615eea2935bc018a2c5","name":"Compensation for Damage - Barkeep","trader":{"name":"Fence"},"objectives":[{"type":"giveItem","item":{"id":"5d403f9186f7743cac3f229b"},"count":1},{"type":"giveItem","item":{"id":"57514643245977207f2c2d09"},"count":3}]},{"id":"61e6e621bfeab00251576265","name":"Compensation for Damage - Collection","trader":{"name":"Fence"},"objectives":[{"type":"giveItem","item":{"id":"5447a9cd4bdc2dbd208b4567"},"count":2}]},{"id":"61e6e60c5ca3b3783662be27","name":"Compensation for Damage - Wergild","trader":{"name":"Fence"},"objectives":[{"type":"giveItem","item":{"id":"5449016a4bdc2d6f028b456f"},"count":1000000}]}]}}