{
  "5936d90786f7742b1420ba5b": {
    "id": "5936d90786f7742b1420ba5b",
    "completed": false,
    "found_items": {
      "54491c4f4bdc2db1078b4568": 0
    }
  },
  "5967733e86f774602332fc84": {
    "id": "5967733e86f774602332fc84",
    "completed": false,
    "found_items": {
      "544fb45d4bdc2dee738b4568": 0
    }
  },
  "5d24b81486f77439c92d6ba8": {
    "id": "5d24b81486f77439c92d6ba8",
    "completed": false,
    "found_items": {
      "590c5d4b86f774784e1b9c45": 0,
      "5751487e245977207e26a315": 0,
      "57347da92459774491567cf5": 0
    }
  },
  "5d25e2c386f77443e7549029": {
    "id": "5d25e2c386f77443e7549029",
    "completed": false,
    "found_items": {
      "5b3b713c5acfc4330140bd8d": 0
    }
  },
  "59689ee586f7740d1570bbd5": {
    "id": "59689ee586f7740d1570bbd5",
    "completed": false,
    "found_items": {
      "590a3efd86f77437d351a25b": 0
    }
  },
  "596b36c586f77450d6045ad2": {
    "id": "596b36c586f77450d6045ad2",
    "completed": false,
    "found_items": {
      "59e7635f86f7742cbf2c1095": 0,
      "5a38e6bac4a2826c6e06d79b": 0
    }
  },
  "63a88045abf76d719f42d715": {
    "id": "63a88045abf76d719f42d715",
    "completed": false,
    "found_items": {
      "635a758bfefc88a93f021b8a": 0
    }
  },
  "596a204686f774576d4c95de": {
    "id": "596a204686f774576d4c95de",
    "completed": false,
    "found_items": {
      "590a3efd86f77437d351a25b": 0
    }
  },
  "5979ed3886f77431307dc512": {
    "id": "5979ed3886f77431307dc512",
    "completed": false,
    "found_items": {
      "590c621186f774138d11ea29": 0
    }
  },
  "5969f90786f77420d2328015": {
    "id": "5969f90786f77420d2328015",
    "completed": false,
    "found_items": {
      "544fb3f34bdc2d03748b456a": 0
    }
  },
  "5a27c99a86f7747d2c6bdd8e": {
    "id": "5a27c99a86f7747d2c6bdd8e",
    "completed": false,
    "found_items": {
      "59f32c3b86f77472a31742f0": 0
    }
  },
  "59675d6c86f7740a842fc482": {
    "id": "59675d6c86f7740a842fc482",
    "completed": false,
    "found_items": {
      "55d482194bdc2d1d4e8b456b": 0
    }
  },
  "5a27d2af86f7744e1115b323": {
    "id": "5a27d2af86f7744e1115b323",
    "completed": false,
    "found_items": {
      "5696686a4bdc2da3298b456a": 0
    }
  },
  "5979f9ba86f7740f6c3fe9f2": {
    "id": "5979f9ba86f7740f6c3fe9f2",
    "completed": false,
    "found_items": {
      "5780cfa52459777dfb276eb1": 0
    }
  },
  "596a1e6c86f7741ddc2d3206": {
    "id": "596a1e6c86f7741ddc2d3206",
    "completed": false,
    "found_items": {
      "57347d7224597744596b4e72": 0
    }
  },
  "596a218586f77420d232807c": {
    "id": "596a218586f77420d232807c",
    "completed": false,
    "found_items": {
      "5733279d245977289b77ec24": 0,
      "590a3c0a86f774385a33c450": 0
    }
  },
  "5d6fb2c086f77449da599c24": {
    "id": "5d6fb2c086f77449da599c24",
    "completed": false,
    "found_items": {
      "5449016a4bdc2d6f028b456f": 0
    }
  },
  "59c9392986f7742f6923add2": {
    "id": "59c9392986f7742f6923add2",
    "completed": false,
    "found_items": {
      "593aa4be86f77457f56379f8": 0,
      "591afe0186f77431bd616a11": 0,
      "5913915886f774123603c392": 0,
      "5913877a86f774432f15d444": 0
    }
  },
  "59c93e8e86f7742a406989c4": {
    "id": "59c93e8e86f7742a406989c4",
    "completed": false,
    "found_items": {
      "5449016a4bdc2d6f028b456f": 0
    }
  },
  "59ca1a6286f774509a270942": {
    "id": "59ca1a6286f774509a270942",
    "completed": false,
    "found_items": {
      "58d3db5386f77426186285a0": 0
    }
  },
  "5a27b87686f77460de0252a8": {
    "id": "5a27b87686f77460de0252a8",
    "completed": false,
    "found_items": {
      "590c5f0d86f77413997acfab": 0
    }
  },
  "5a0327ba86f77456b9154236": {
    "id": "5a0327ba86f77456b9154236",
    "completed": false,
    "found_items": {
      "590c5bbd86f774785762df04": 0,
      "59e358a886f7741776641ac3": 0,
      "59e35cbb86f7741778269d83": 0,
      "59e3556c86f7741776641ac2": 0
    }
  },
  "5a27ba9586f7741b543d8e85": {
    "id": "5a27ba9586f7741b543d8e85",
    "completed": false,
    "found_items": {
      "5696686a4bdc2da3298b456a": 0
    }
  },
  "5a27bafb86f7741c73584017": {
    "id": "5a27bafb86f7741c73584017",
    "completed": false,
    "found_items": {
      "544fb3f34bdc2d03748b456a": 0,
      "59faf98186f774067b6be103": 0,
      "59e35cbb86f7741778269d83": 0,
      "59fafb5d86f774067a6f2084": 0
    }
  },
  "5ac3460c86f7742880308185": {
    "id": "5ac3460c86f7742880308185",
    "completed": false,
    "found_items": {
      "59e36c6f86f774176c10a2a7": 0,
      "57347cd0245977445a2d6ff1": 0,
      "590a3b0486f7743954552bdb": 0
    }
  },
  "5ac346a886f7744e1b083d67": {
    "id": "5ac346a886f7744e1b083d67",
    "completed": false,
    "found_items": {
      "573477e124597737dd42e191": 0,
      "590a358486f77429692b2790": 0,
      "590a3b0486f7743954552bdb": 0,
      "56742c324bdc2d150f8b456d": 0
    }
  },
  "5ac3475486f7741d6224abd3": {
    "id": "5ac3475486f7741d6224abd3",
    "completed": false,
    "found_items": {
      "573476d324597737da2adc13": 0,
      "5734770f24597738025ee254": 0,
      "573476f124597737e04bf328": 0
    }
  },
  "60c0c018f7afb4354815096a": {
    "id": "60c0c018f7afb4354815096a",
    "completed": false,
    "found_items": {
      "60a7acf20c5cb24b01346648": 0
    }
  },
  "5d25e2ee86f77443e35162ea": {
    "id": "5d25e2ee86f77443e35162ea",
    "completed": false,
    "found_items": {
      "5d08d21286f774736e7c94c3": 0
    }
  },
  "5ac3464c86f7741d651d6877": {
    "id": "5ac3464c86f7741d651d6877",
    "completed": false,
    "found_items": {
      "57347ca924597744596b4e71": 0,
      "5734779624597737e04bf329": 0
    }
  },
  "5d6fbc2886f77449d825f9d3": {
    "id": "5d6fbc2886f77449d825f9d3",
    "completed": false,
    "found_items": {
      "569668774bdc2da2298b4568": 0
    }
  },
  "5ae4490786f7744ca822adcc": {
    "id": "5ae4490786f7744ca822adcc",
    "completed": false,
    "found_items": {
      "59e7708286f7742cbd762753": 0,
      "5aa2b9ede5b5b000137b758b": 0
    }
  },
  "59c50c8886f7745fed3193bf": {
    "id": "59c50c8886f7745fed3193bf",
    "completed": false,
    "found_items": {
      "572b7fa524597762b747ce82": 0
    }
  },
  "5d25e48d86f77408251c4bfb": {
    "id": "5d25e48d86f77408251c4bfb",
    "completed": false,
    "found_items": {
      "590c621186f774138d11ea29": 0
    }
  },
  "59ca264786f77445a80ed044": {
    "id": "59ca264786f77445a80ed044",
    "completed": false,
    "found_items": {
      "57e26fc7245977162a14b800": 0
    }
  },
  "59ca29fb86f77445ab465c87": {
    "id": "59ca29fb86f77445ab465c87",
    "completed": false,
    "found_items": {
      "5644bd2b4bdc2d3b4c8b4572": 0,
      "5447a9cd4bdc2dbd208b4567": 0,
      "5448bd6b4bdc2dfc2f8b4569": 0
    }
  },
  "6179b5b06e9dd54ac275e409": {
    "id": "6179b5b06e9dd54ac275e409",
    "completed": false,
    "found_items": {
      "59f32c3b86f77472a31742f0": 0
    }
  },
  "59ca2eb686f77445a80ed049": {
    "id": "59ca2eb686f77445a80ed049",
    "completed": false,
    "found_items": {
      "59f32bb586f774757e1e8442": 0,
      "59f32c3b86f77472a31742f0": 0
    }
  },
  "5edac020218d181e29451446": {
    "id": "5edac020218d181e29451446",
    "completed": false,
    "found_items": {
      "5ed51652f6c34d2cc26336a1": 0,
      "5ed5166ad380ab312177c100": 0,
      "5ed5160a87bb8443d10680b5": 0,
      "5ed515f6915ec335206e4152": 0,
      "5ed515ece452db0eb56fc028": 0,
      "5ed515e03a40a50460332579": 0,
      "5ed515c8d380ab312177c0fa": 0
    }
  },
  "5b478ff486f7744d184ecbbf": {
    "id": "5b478ff486f7744d184ecbbf",
    "completed": false,
    "found_items": {
      "59e7715586f7742ee5789605": 0,
      "5b4335ba86f7744d2837a264": 0
    }
  },
  "5edac34d0bb72a50635c2bfa": {
    "id": "5edac34d0bb72a50635c2bfa",
    "completed": false,
    "found_items": {
      "5c94bbff86f7747ee735c08f": 0,
      "5ed515f6915ec335206e4152": 0,
      "5ed515c8d380ab312177c0fa": 0
    }
  },
  "5d4bec3486f7743cac246665": {
    "id": "5d4bec3486f7743cac246665",
    "completed": false,
    "found_items": {
      "5d03794386f77420415576f5": 0,
      "5d0379a886f77420407aa271": 0
    }
  },
  "5ae4495086f77443c122bc40": {
    "id": "5ae4495086f77443c122bc40",
    "completed": false,
    "found_items": {
      "5ab8f20c86f7745cdb629fb2": 0,
      "59e763f286f7742ee57895da": 0
    }
  },
  "5d25e46e86f77409453bce7c": {
    "id": "5d25e46e86f77409453bce7c",
    "completed": false,
    "found_items": {
      "5c052e6986f7746b207bc3c9": 0,
      "5d02778e86f774203e7dedbe": 0
    }
  },
  "5ae4495c86f7744e87761355": {
    "id": "5ae4495c86f7744e87761355",
    "completed": false,
    "found_items": {
      "5ab8e79e86f7742d8b372e78": 0
    }
  },
  "5ae4496986f774459e77beb6": {
    "id": "5ae4496986f774459e77beb6",
    "completed": false,
    "found_items": {
      "545cdb794bdc2d3a198b456a": 0
    }
  },
  "5ae4497b86f7744cf402ed00": {
    "id": "5ae4497b86f7744cf402ed00",
    "completed": false,
    "found_items": {
      "59e7643b86f7742cbf2c109a": 0,
      "5648a69d4bdc2ded0b8b457b": 0
    }
  },
  "5b47876e86f7744d1c353205": {
    "id": "5b47876e86f7744d1c353205",
    "completed": false,
    "found_items": {
      "5b43575a86f77424f443fe62": 0
    }
  },
  "5b47891f86f7744d1b23c571": {
    "id": "5b47891f86f7744d1b23c571",
    "completed": false,
    "found_items": {
      "59e3639286f7741777737013": 0,
      "573478bc24597738002c6175": 0,
      "59e3658a86f7741776641ac4": 0,
      "59faf7ca86f7740dbe19f6c2": 0,
      "62a09cfe4f842e1bd12da3e4": 0
    }
  },
  "5d25e4b786f77408251c4bfc": {
    "id": "5d25e4b786f77408251c4bfc",
    "completed": false,
    "found_items": {
      "5c94bbff86f7747ee735c08f": 0
    }
  },
  "6179b5eabca27a099552e052": {
    "id": "6179b5eabca27a099552e052",
    "completed": false,
    "found_items": {
      "59f32bb586f774757e1e8442": 0
    }
  },
  "5c1128e386f7746565181106": {
    "id": "5c1128e386f7746565181106",
    "completed": false,
    "found_items": {
      "5c06779c86f77426e00dd782": 0,
      "5c06782b86f77426df5407d2": 0
    }
  },
  "5c0d0f1886f77457b8210226": {
    "id": "5c0d0f1886f77457b8210226",
    "completed": false,
    "found_items": {
      "5c05308086f7746b2101e90b": 0,
      "5c052f6886f7746b1e3db148": 0
    }
  },
  "5d25e2e286f77444001e2e48": {
    "id": "5d25e2e286f77444001e2e48",
    "completed": false,
    "found_items": {
      "5c0e874186f7745dc7616606": 0
    }
  },
  "5c1141f386f77430ff393792": {
    "id": "5c1141f386f77430ff393792",
    "completed": false,
    "found_items": {
      "590de71386f774347051a052": 0,
      "590de7e986f7741b096e5f32": 0,
      "62a091170b9d3c46de5b6cf2": 0,
      "5e54f62086f774219b0f1937": 0
    }
  },
  "5c0be5fc86f774467a116593": {
    "id": "5c0be5fc86f774467a116593",
    "completed": false,
    "found_items": {
      "5af0534a86f7743b6f354284": 0,
      "5c0530ee86f774697952d952": 0
    }
  },
  "5c139eb686f7747878361a6f": {
    "id": "5c139eb686f7747878361a6f",
    "completed": false,
    "found_items": {
      "5c052fb986f7746b2101e909": 0,
      "5c05300686f7746dce784e5d": 0
    }
  },
  "625d7001c4874104f230c0c5": {
    "id": "625d7001c4874104f230c0c5",
    "completed": false,
    "found_items": {
      "5c0e531286f7747fa54205c2": 0,
      "5c0e531d86f7747fa23f4d42": 0,
      "5fca13ca637ee0341a484f46": 0
    }
  },
  "625d70031ed3bb5bcc5bd9e5": {
    "id": "625d70031ed3bb5bcc5bd9e5",
    "completed": false,
    "found_items": {
      "59e366c186f7741778269d85": 0,
      "5734795124597738002c6176": 0,
      "5d0376a486f7747d8050965c": 0,
      "5c052f6886f7746b1e3db148": 0,
      "5d1b304286f774253763a528": 0
    }
  },
  "626148251ed3bb5bcc5bd9ed": {
    "id": "626148251ed3bb5bcc5bd9ed",
    "completed": false,
    "found_items": {
      "5449016a4bdc2d6f028b456f": 0
    }
  },
  "6261482fa4eb80027c4f2e11": {
    "id": "6261482fa4eb80027c4f2e11",
    "completed": false,
    "found_items": {
      "5c46fbd72e2216398b5a8c9c": 0
    }
  },
  "64f1d6e732bed22c3e0c7423": {
    "id": "64f1d6e732bed22c3e0c7423",
    "completed": false,
    "found_items": {
      "5696686a4bdc2da3298b456a": 0
    }
  },
  "625d6ff5ddc94657c21a1625": {
    "id": "625d6ff5ddc94657c21a1625",
    "completed": false,
    "found_items": {
      "6389c70ca33d8c4cdf4932c6": 0,
      "5c052f6886f7746b1e3db148": 0,
      "590a3efd86f77437d351a25b": 0,
      "56742c324bdc2d150f8b456d": 0
    }
  },
  "5ae449d986f774453a54a7e1": {
    "id": "5ae449d986f774453a54a7e1",
    "completed": false,
    "found_items": {
      "5ad7247386f7747487619dc3": 0
    }
  },
  "5e381b0286f77420e3417a74": {
    "id": "5e381b0286f77420e3417a74",
    "completed": false,
    "found_items": {
      "5e2af4d286f7746d4159f07a": 0,
      "5e2af4a786f7746d3f3c3400": 0,
      "5c12688486f77426843c7d32": 0
    }
  },
  "5e383a6386f77465910ce1f3": {
    "id": "5e383a6386f77465910ce1f3",
    "completed": false,
    "found_items": {
      "5e2af4d286f7746d4159f07a": 0,
      "5e2af4a786f7746d3f3c3400": 0,
      "5c12688486f77426843c7d32": 0
    }
  },
  "5e4d4ac186f774264f758336": {
    "id": "5e4d4ac186f774264f758336",
    "completed": false,
    "found_items": {
      "5e2af47786f7746d404f3aaa": 0,
      "5e2af41e86f774755a234b67": 0,
      "5e2af29386f7746d4159f077": 0
    }
  },
  "5e4d515e86f77438b2195244": {
    "id": "5e4d515e86f77438b2195244",
    "completed": false,
    "found_items": {
      "5e2af47786f7746d404f3aaa": 0,
      "5e2af41e86f774755a234b67": 0,
      "5e2af29386f7746d4159f077": 0
    }
  },
  "60e71c48c1bfa3050473b8e5": {
    "id": "60e71c48c1bfa3050473b8e5",
    "completed": false,
    "found_items": {
      "5c052e6986f7746b207bc3c9": 0,
      "5af0534a86f7743b6f354284": 0,
      "5c0530ee86f774697952d952": 0,
      "5d1b3a5d86f774252167ba22": 0,
      "62a0a043cf4a99369e2624a5": 0
    }
  },
  "5c51aac186f77432ea65c552": {
    "id": "5c51aac186f77432ea65c552",
    "completed": false,
    "found_items": {
      "5bc9c377d4351e3bac12251b": 0,
      "5bc9c1e2d4351e00367fbcf0": 0,
      "5bc9c049d4351e44f824d360": 0,
      "5bc9b355d4351e6d1509862a": 0,
      "5bc9bc53d4351e00367fbcee": 0,
      "5bc9bdb8d4351e003562b8a1": 0,
      "5bc9b9ecd4351e3bac122519": 0,
      "5bc9b720d4351e450201234b": 0,
      "5bc9b156d4351e00367fbce9": 0,
      "5bc9c29cd4351e003562b8a3": 0,
      "5bd073a586f7747e6f135799": 0,
      "5bd073c986f7747f627e796c": 0,
      "5e54f62086f774219b0f1937": 0,
      "5e54f79686f7744022011103": 0,
      "5e54f76986f7740366043752": 0,
      "5e54f6af86f7742199090bf3": 0,
      "5bc9be8fd4351e00334cae6e": 0,
      "5f745ee30acaeb0d490d8c5b": 0,
      "60b0f988c4449e4cb624c1da": 0,
      "60b0f93284c20f0feb453da7": 0,
      "60b0f7057897d47c5b04ab94": 0,
      "5fd8d28367cb5e077335170f": 0,
      "60b0f6c058e0b0481a09ad11": 0,
      "60b0f561c4449e4cb624c1d7": 0,
      "62a09ec84f842e1bd12da3f2": 0,
      "62a09e974f842e1bd12da3f0": 0,
      "62a09e73af34e73a266d932a": 0,
      "62a09e410b9d3c46de5b6e78": 0,
      "62a09e08de7ac81993580532": 0,
      "62a09dd4621468534a797ac7": 0,
      "62a09d79de7ac81993580530": 0,
      "62a09d3bcf4a99369e262447": 0,
      "62a09cfe4f842e1bd12da3e4": 0,
      "62a09cb7a04c0c5c6e0a84f8": 0,
      "62a091170b9d3c46de5b6cf2": 0,
      "62a08f4c4f842e1bd12d9d62": 0
    }
  },
  "60e71c11d54b755a3b53eb65": {
    "id": "60e71c11d54b755a3b53eb65",
    "completed": false,
    "found_items": {
      "5fc64ea372b0dd78d51159dc": 0
    }
  },
  "60effd818b669d08a35bfad5": {
    "id": "60effd818b669d08a35bfad5",
    "completed": false,
    "found_items": {
      "59db794186f77448bc595262": 0
    }
  },
  "60e71dc67fcf9c556f325056": {
    "id": "60e71dc67fcf9c556f325056",
    "completed": false,
    "found_items": {
      "5d40407c86f774318526545a": 0,
      "5d403f9186f7743cac3f229b": 0,
      "5d1b33a686f7742523398398": 0,
      "62a09f32621468534a797acb": 0
    }
  },
  "60e71ccb5688f6424c7bfec4": {
    "id": "60e71ccb5688f6424c7bfec4",
    "completed": false,
    "found_items": {
      "59f32bb586f774757e1e8442": 0,
      "59f32c3b86f77472a31742f0": 0
    }
  },
  "60e71ce009d7c801eb0c0ec6": {
    "id": "60e71ce009d7c801eb0c0ec6",
    "completed": false,
    "found_items": {
      "5c05300686f7746dce784e5d": 0,
      "5c052fb986f7746b2101e909": 0,
      "5c05308086f7746b2101e90b": 0,
      "5c052f6886f7746b1e3db148": 0,
      "62a0a16d0b9d3c46de5b6e97": 0
    }
  },
  "61e6e5e0f5b9633f6719ed95": {
    "id": "61e6e5e0f5b9633f6719ed95",
    "completed": false,
    "found_items": {
      "59f32bb586f774757e1e8442": 0,
      "59f32c3b86f77472a31742f0": 0
    }
  },
  "61e6e615eea2935bc018a2c5": {
    "id": "61e6e615eea2935bc018a2c5",
    "completed": false,
    "found_items": {
      "5d403f9186f7743cac3f229b": 0,
      "57514643245977207f2c2d09": 0
    }
  },
  "61e6e621bfeab00251576265": {
    "id": "61e6e621bfeab00251576265",
    "completed": false,
    "found_items": {
      "5447a9cd4bdc2dbd208b4567": 0
    }
  },
  "61e6e60c5ca3b3783662be27": {
    "id": "61e6e60c5ca3b3783662be27",
    "completed": false,
    "found_items": {
      "5449016a4bdc2d6f028b456f": 0
    }
  }
}